Timestamp,T1_Unity_Send,T2_ROS_Recv,T3_Cmd_Send,Network_Delay_ms,Decision_Delay_ms,Q_Current_J1,Q_Current_J2,Q_Current_J3,Q_Current_J4,Q_Target_J1,Q_Target_J2,Q_Target_J3,Q_Target_J4,Dist_to_Last,Send_Reason,Time_Since_Last_ms,Velocity_Mag,Robot_Vel_J1,Robot_Vel_J2,Robot_Vel_J3,Robot_Vel_J4
1769695624.6122,0.0000,0.0000,1769695624.6132,0.00,0.00,0.000000,0.000000,0.000000,0.000000,0.000000,0.000000,0.000000,0.000000,0.000000,Init,0.05,0.000000,0.000000,0.000000,0.000000,0.000000
1769695661.6135,1769695661.5998,1769695661.6008,1769695661.6136,0.00,0.00,0.000000,0.000000,0.000000,0.000000,0.005000,0.009999,0.014998,0.008000,0.014998,Proximity_Dist0.000,0.08,0.000000,0.000000,0.000000,0.000000,0.000000
1769695661.6921,1769695661.6811,1769695661.6815,1769695661.6922,0.00,0.00,0.003725,0.004999,0.005369,0.003999,0.024990,0.049917,0.074719,0.039957,0.069350,Proximity_Dist0.010,0.04,0.167282,0.064121,0.155770,0.167282,0.106802
1769695662.0128,1769695662.0006,1769695662.0013,1769695662.0139,0.00,0.00,0.024990,0.049545,0.067797,0.039958,0.104230,0.203880,0.294572,0.164857,0.226776,Proximity_Dist0.007,1.05,0.172395,0.000000,0.053862,0.172395,0.007730
1769695662.5721,1769695662.5599,1769695662.5602,1769695662.5722,0.00,0.00,0.104229,0.203881,0.286605,0.164857,0.235313,0.415249,0.497462,0.353059,0.211368,Proximity_Dist0.008,0.04,0.336330,0.000000,0.017944,0.336330,0.000000
1769695663.1321,1769695663.1220,1769695663.1241,1769695663.1323,0.00,0.00,0.235312,0.407285,0.491619,0.350445,0.348068,0.499763,0.369503,0.471578,0.122117,Proximity_Dist0.008,0.06,0.340714,0.000000,0.340714,0.299016,0.217941
1769695663.5741,1769695663.5603,1769695663.5652,1769695663.5742,0.00,0.00,0.346050,0.499763,0.376260,0.468253,0.418013,0.458719,0.085376,0.499956,0.290884,Proximity_Dist0.007,0.04,0.286724,0.180981,0.007636,0.286724,0.218319
1769695664.2352,1769695664.2000,1769695664.2017,1769695664.2353,0.00,0.00,0.418013,0.458720,0.090151,0.499957,0.483092,0.249131,-0.354616,0.432611,0.444767,Proximity_Dist0.005,0.04,0.241166,0.000000,0.000000,0.241166,0.000000
1769695665.0356,1769695665.0241,1769695665.0246,1769695665.0388,0.00,0.00,0.483093,0.249130,-0.349755,0.432611,0.494445,-0.146999,-0.436331,0.189906,0.396129,Proximity_Dist0.005,3.24,0.231573,0.000000,0.000000,0.231573,0.000000
1769695665.7938,1769695665.7799,1769695665.7835,1769695665.7940,0.00,0.00,0.494445,-0.140358,-0.436331,0.189906,0.431605,-0.435788,0.008407,-0.108338,0.444738,Proximity_Dist0.007,0.04,0.217386,0.000000,0.217386,0.000000,0.000000
1769695666.5925,1769695666.5800,1769695666.5814,1769695666.5936,0.00,0.00,0.431604,-0.435788,-0.000488,-0.108338,0.299236,-0.436331,0.469000,-0.378401,0.469487,Proximity_Dist0.009,1.10,0.355524,0.000000,0.000000,0.355524,0.000000
1769695667.4332,1769695667.4207,1769695667.4217,1769695667.4333,0.00,0.00,0.299237,-0.436331,0.463258,-0.378401,0.109892,-0.214410,0.308442,-0.499592,0.221921,Proximity_Dist0.006,0.04,0.218148,0.000000,0.000000,0.218148,0.000000
1769695668.0129,1769695667.9999,1769695668.0003,1769695668.0138,0.00,0.00,0.111311,-0.222153,0.308442,-0.499592,-0.034177,0.068194,-0.101892,-0.455805,0.410334,Proximity_Dist0.008,0.73,0.312887,0.160894,0.312887,0.017128,0.000000
1769695668.7922,1769695668.7810,1769695668.7821,1769695668.7938,0.00,0.00,-0.034177,0.068194,-0.095204,-0.455805,-0.221260,0.396834,-0.436331,-0.249821,0.341127,Proximity_Dist0.007,1.51,0.305763,0.000000,0.000000,0.305763,0.000000
1769695669.5121,1769695669.4998,1769695669.5004,1769695669.5122,0.00,0.00,-0.221261,0.392822,-0.430631,-0.249821,-0.365029,0.498911,-0.316867,0.026395,0.276216,Proximity_Dist0.006,0.03,0.295766,0.000000,0.256965,0.295766,0.000000
1769695670.1321,1769695670.1199,1769695670.1204,1769695670.1321,0.00,0.00,-0.365029,0.498911,-0.316866,0.018618,-0.451866,0.386887,0.120613,0.260838,0.437479,Proximity_Dist0.008,0.03,0.328689,0.000000,0.000000,0.000000,0.328689
1769695670.9321,1769695670.9201,1769695670.9215,1769695670.9322,0.00,0.00,-0.451866,0.386887,0.112783,0.260838,-0.499551,0.042338,0.495963,0.463964,0.383179,Proximity_Dist0.008,0.05,0.185687,0.000000,0.000000,0.185687,0.000000
1769695671.6726,1769695671.6601,1769695671.6616,1769695671.6729,0.00,0.00,-0.499552,0.044276,0.489301,0.463964,-0.473407,-0.304668,0.277334,0.489014,0.348944,Proximity_Dist0.007,0.05,0.298143,0.000000,0.183333,0.298143,0.000000
1769695672.3922,1769695672.3799,1769695672.3858,1769695672.3930,0.00,0.00,-0.473407,-0.297937,0.277335,0.489013,-0.386382,-0.436331,-0.236211,0.353334,0.513546,Proximity_Dist0.007,0.75,0.181160,0.000000,0.181160,0.000000,0.000000
1769695673.2523,1769695673.2399,1769695673.2415,1769695673.2534,0.00,0.00,-0.386383,-0.436331,-0.227184,0.353333,-0.218916,-0.393636,-0.436331,0.048313,0.305020,Proximity_Dist0.009,0.97,0.200948,0.000000,0.000000,0.200948,0.000000
1769695673.9345,1769695673.9198,1769695673.9217,1769695673.9346,0.00,0.00,-0.218915,-0.393636,-0.436331,0.054027,-0.056472,-0.112221,-0.166534,-0.216231,0.281415,Proximity_Dist0.006,0.06,0.257814,0.000000,0.000000,0.000000,0.257814
1769695674.5721,1769695674.5621,1769695674.5626,1769695674.5722,0.00,0.00,-0.056472,-0.120144,-0.172309,-0.210569,0.102672,0.200968,0.290698,-0.409373,0.463007,Proximity_Dist0.008,0.04,0.257477,0.000000,0.257477,0.223503,0.219152
1769695675.4123,1769695675.3998,1769695675.4004,1769695675.4124,0.00,0.00,0.102672,0.200968,0.284999,-0.409372,0.293284,0.475061,0.476220,-0.499087,0.274094,Proximity_Dist0.006,0.04,0.334209,0.000000,0.000000,0.334209,0.000000
1769695676.0521,1769695676.0404,1769695676.0433,1769695676.0522,0.00,0.00,0.293283,0.468408,0.476220,-0.499087,0.405779,0.474170,0.148309,-0.420295,0.327911,Proximity_Dist0.007,0.04,0.178122,0.000000,0.178122,0.000000,0.000000
1769695676.7330,1769695676.7211,1769695676.7222,1769695676.7331,0.00,0.00,0.405779,0.474171,0.157316,-0.420294,0.479974,0.268958,-0.329260,-0.219448,0.486576,Proximity_Dist0.009,0.04,0.336677,0.000000,0.000000,0.336677,0.000000
1769695677.5721,1769695677.5601,1769695677.5612,1769695677.5729,0.00,0.00,0.479974,0.268959,-0.321366,-0.219449,0.495382,-0.134347,-0.436331,0.107958,0.403306,Proximity_Dist0.008,0.65,0.196757,0.000000,0.000000,0.196757,0.000000
1769695678.3324,1769695678.3210,1769695678.3221,1769695678.3325,0.00,0.00,0.495382,-0.125346,-0.436331,0.107917,0.434895,-0.429173,-0.011370,0.367487,0.424961,Proximity_Dist0.009,0.04,0.202631,0.000000,0.202631,0.000000,0.030674
1769695679.1338,1769695679.1198,1769695679.1235,1769695679.1343,0.00,0.00,0.434896,-0.429173,-0.019184,0.367488,0.304492,-0.436331,0.461779,0.497238,0.480963,Proximity_Dist0.008,0.39,0.234390,0.000000,0.000000,0.234390,0.000000
1769695679.9522,1769695679.9398,1769695679.9404,1769695679.9525,0.00,0.00,0.304492,-0.436331,0.452801,0.497237,0.121170,-0.235117,0.335046,0.426044,0.201214,Proximity_Dist0.009,0.15,0.351778,0.000000,0.000000,0.351778,0.000000
1769695680.5142,1769695680.4999,1769695680.5006,1769695680.5143,0.00,0.00,0.123717,-0.240912,0.335046,0.426044,-0.017607,0.035193,-0.052735,0.270642,0.387780,Proximity_Dist0.006,0.04,0.203827,0.143928,0.203827,0.000000,0.000000
1769695681.2532,1769695681.2406,1769695681.2444,1769695681.2542,0.00,0.00,-0.017607,0.035193,-0.043832,0.270641,-0.197111,0.362297,-0.436331,-0.010018,0.392499,Proximity_Dist0.009,0.96,0.256060,0.000000,0.000000,0.256060,0.000000
1769695681.9935,1769695681.9803,1769695681.9808,1769695681.9936,0.00,0.00,-0.197112,0.361299,-0.427266,-0.010018,-0.349937,0.499896,-0.364180,-0.287268,0.277250,Proximity_Dist0.009,0.04,0.267982,0.000000,0.109372,0.267982,0.000000
1769695682.6321,1769695682.6210,1769695682.6237,1769695682.6322,0.00,0.00,-0.349937,0.499897,-0.364180,-0.278307,-0.444515,0.407042,0.071788,-0.450926,0.435968,Proximity_Dist0.009,0.03,0.201261,0.000000,0.000000,0.000000,0.201261
1769695683.4321,1769695683.4210,1769695683.4214,1769695683.4322,0.00,0.00,-0.444514,0.407042,0.062831,-0.450927,-0.498573,0.075287,0.487204,-0.490694,0.424374,Proximity_Dist0.009,0.04,0.197158,0.000000,0.000000,0.197158,0.000000
1769695684.2121,1769695684.1998,1769695684.2014,1769695684.2131,0.00,0.00,-0.498572,0.075287,0.480432,-0.490694,-0.475487,-0.294108,0.293569,-0.342118,0.369395,Proximity_Dist0.007,0.05,0.173642,0.000000,0.000000,0.173642,0.000000
1769695684.9525,1769695684.9398,1769695684.9410,1769695684.9534,0.00,0.00,-0.475487,-0.287359,0.293570,-0.342118,-0.387391,-0.436331,-0.231989,-0.080427,0.525559,Proximity_Dist0.007,0.81,0.235635,0.000000,0.235635,0.000000,0.000000
1769695685.8130,1769695685.8021,1769695685.8034,1769695685.8156,0.00,0.00,-0.387392,-0.436331,-0.222978,-0.080427,-0.220347,-0.395592,-0.436331,0.251231,0.331658,Proximity_Dist0.009,2.49,0.337115,0.000000,0.000000,0.337115,0.000000
1769695686.5131,1769695686.5002,1769695686.5009,1769695686.5132,0.00,0.00,-0.220346,-0.395591,-0.436331,0.242122,-0.053085,-0.105570,-0.156862,0.442488,0.290021,Proximity_Dist0.009,0.04,0.261878,0.000000,0.000000,0.000000,0.261878
1769695687.1721,1769695687.1605,1769695687.1618,1769695687.1721,0.00,0.00,-0.053086,-0.112377,-0.161719,0.442488,0.110885,0.216248,0.310841,0.499524,0.472560,Proximity_Dist0.007,0.04,0.184874,0.000000,0.184874,0.158826,0.000000
1769695687.9937,1769695687.9799,1769695687.9805,1769695687.9940,0.00,0.00,0.110884,0.216248,0.303111,0.499524,0.296037,0.477143,0.473006,0.382535,0.260895,Proximity_Dist0.008,0.05,0.236568,0.000000,0.000000,0.236568,0.000000
1769695688.6320,1769695688.6201,1769695688.6214,1769695688.6321,0.00,0.00,0.296038,0.472285,0.473007,0.382534,0.407761,0.471964,0.138516,0.175739,0.334491,Proximity_Dist0.005,0.04,0.274877,0.000000,0.274877,0.000000,0.000000
1769695689.3326,1769695689.3201,1769695689.3206,1769695689.3328,0.00,0.00,0.407761,0.471965,0.144217,0.175739,0.482261,0.254634,-0.347815,-0.099752,0.492031,Proximity_Dist0.006,0.04,0.279652,0.000000,0.000000,0.279652,0.000000
1769695690.1721,1769695690.1611,1769695690.1621,1769695690.1738,0.00,0.00,0.482261,0.254635,-0.342059,-0.099753,0.494172,-0.150464,-0.436331,-0.383082,0.405099,Proximity_Dist0.006,1.62,0.223976,0.000000,0.000000,0.223976,0.000000
1769695690.9321,1769695690.9211,1769695690.9222,1769695690.9341,0.00,0.00,0.494173,-0.143674,-0.436331,-0.383082,0.430686,-0.436331,0.013850,-0.497979,0.450180,Proximity_Dist0.007,1.68,0.241587,0.000000,0.241587,0.000000,0.000000
1769695691.7524,1769695691.7399,1769695691.7416,1769695691.7540,0.00,0.00,0.430686,-0.436331,0.007086,-0.497979,0.293749,-0.436331,0.475693,-0.422012,0.468606,Proximity_Dist0.007,1.48,0.171456,0.000000,0.000000,0.171456,0.000000
1769695692.5521,1769695692.5398,1769695692.5406,1769695692.5522,0.00,0.00,0.293749,-0.436331,0.466698,-0.422012,0.112997,-0.220147,0.315906,-0.178354,0.243658,Proximity_Dist0.009,0.04,0.271709,0.000000,0.000000,0.271709,0.000000
1769695693.1531,1769695693.1415,1769695693.1428,1769695693.1532,0.00,0.00,0.112996,-0.223385,0.315906,-0.187415,-0.035987,0.071788,-0.107216,0.057502,0.423122,Proximity_Dist0.009,0.04,0.196564,0.008068,0.124156,0.000000,0.196564
1769695693.9529,1769695693.9398,1769695693.9429,1769695693.9543,0.00,0.00,-0.035987,0.071787,-0.099434,0.057502,-0.227351,0.404977,-0.436331,0.342739,0.336896,Proximity_Dist0.008,1.18,0.179929,0.000000,0.000000,0.179929,0.000000
1769695694.6538,1769695694.6400,1769695694.6404,1769695694.6539,0.00,0.00,-0.227350,0.396106,-0.429541,0.341749,-0.366267,0.498658,-0.312637,0.483764,0.142015,Proximity_Dist0.009,0.05,0.181826,0.000000,0.181826,0.162803,0.071966
1769695695.1123,1769695695.0999,1769695695.1004,1769695695.1124,0.00,0.00,-0.358549,0.498658,-0.315240,0.475929,-0.434217,0.430573,0.007259,0.496841,0.322498,Proximity_Dist0.008,0.05,0.329788,0.324858,0.018234,0.213482,0.329788
1769695695.8124,1769695695.8014,1769695695.8019,1769695695.8125,0.00,0.00,-0.434217,0.430573,0.000448,0.496841,-0.492897,0.165574,0.437278,0.391145,0.436829,Proximity_Dist0.007,0.04,0.181768,0.000000,0.000000,0.181768,0.000000
1769695696.5921,1769695696.5798,1769695696.5815,1769695696.5922,0.00,0.00,-0.492897,0.165574,0.428200,0.391146,-0.487813,-0.214091,0.393853,0.135453,0.379665,Proximity_Dist0.009,0.04,0.200126,0.000000,0.000000,0.200126,0.000000
1769695697.3330,1769695697.3209,1769695697.3225,1769695697.3337,0.00,0.00,-0.487813,-0.205120,0.393853,0.135453,-0.415125,-0.436331,-0.100768,-0.156175,0.494620,Proximity_Dist0.009,0.55,0.188725,0.000000,0.188725,0.000000,0.000000
1769695698.1931,1769695698.1798,1769695698.1815,1769695698.1965,0.00,0.00,-0.415125,-0.436331,-0.093001,-0.156176,-0.261154,-0.436331,-0.436331,-0.422259,0.343329,Proximity_Dist0.008,3.08,0.311701,0.000000,0.000000,0.311701,0.000000
1769695698.8938,1769695698.8800,1769695698.8870,1769695698.8939,0.00,0.00,-0.261154,-0.436331,-0.427395,-0.422220,-0.099117,-0.194300,-0.281771,-0.499993,0.242030,Proximity_Dist0.009,0.05,0.180887,0.000000,0.000000,0.180887,0.027295
1769695699.4923,1769695699.4798,1769695699.4822,1769695699.4924,0.00,0.00,-0.099117,-0.203302,-0.281771,-0.499993,0.050138,0.099770,0.148396,-0.444676,0.430168,Proximity_Dist0.009,0.04,0.270252,0.000000,0.270252,0.000000,0.000000
1769695700.2929,1769695700.2800,1769695700.2824,1769695700.2930,0.00,0.00,0.050138,0.099770,0.140698,-0.444677,0.239908,0.420975,0.498794,-0.220147,0.358096,Proximity_Dist0.008,0.04,0.320850,0.000000,0.000000,0.320850,0.000000
1769695701.0121,1769695700.9998,1769695701.0005,1769695701.0122,0.00,0.00,0.239908,0.418385,0.490911,-0.220147,0.379066,0.494379,0.265703,0.059893,0.280040,Proximity_Dist0.008,0.04,0.187006,0.000000,0.115312,0.187006,0.000000
1769695701.6541,1769695701.6414,1769695701.6419,1769695701.6543,0.00,0.00,0.379066,0.494378,0.266343,0.052009,0.462388,0.351890,-0.194589,0.295409,0.460932,Proximity_Dist0.008,0.04,0.180677,0.000000,0.000000,0.063702,0.180677
1769695702.4757,1769695702.4598,1769695702.4606,1769695702.4782,0.00,0.00,0.462388,0.351890,-0.187855,0.295409,0.499903,-0.019643,-0.436331,0.480150,0.371532,Proximity_Dist0.007,2.13,0.233752,0.000000,0.000000,0.233752,0.000000
1769695703.2121,1769695703.2021,1769695703.2026,1769695703.2121,0.00,0.00,0.499904,-0.014781,-0.436331,0.480151,0.462521,-0.351389,-0.195562,0.476277,0.336608,Proximity_Dist0.005,0.04,0.286830,0.000000,0.286830,0.000000,0.000000
1769695703.8921,1769695703.8798,1769695703.8816,1769695703.8941,0.00,0.00,0.462521,-0.342277,-0.195562,0.476278,0.372705,-0.436331,0.289763,0.328759,0.485325,Proximity_Dist0.009,1.96,0.129479,0.000000,0.129479,0.000000,0.000000
1769695704.7320,1769695704.7201,1769695704.7226,1769695704.7321,0.00,0.00,0.372705,-0.436331,0.283022,0.328759,0.204404,-0.373087,0.476569,0.022752,0.306007,Proximity_Dist0.007,0.04,0.311126,0.000000,0.000000,0.311126,0.000000
1769695705.3925,1769695705.3798,1769695705.3803,1769695705.3926,0.00,0.00,0.204404,-0.373087,0.476569,0.031708,0.045511,-0.090645,0.135025,-0.231989,0.341544,Proximity_Dist0.009,0.03,0.341077,0.000000,0.000000,0.000000,0.341077
1769695706.1122,1769695706.0998,1769695706.1009,1769695706.1123,0.00,0.00,0.045511,-0.090686,0.141857,-0.231989,-0.132812,0.256082,-0.360954,-0.435806,0.502810,Proximity_Dist0.007,0.04,0.183163,0.000000,0.031697,0.183163,0.000000
1769695706.9724,1769695706.9599,1769695706.9615,1769695706.9726,0.00,0.00,-0.132813,0.256082,-0.356145,-0.435805,-0.321669,0.492528,-0.432472,-0.492304,0.236447,Proximity_Dist0.005,0.04,0.279566,0.000000,0.000000,0.279566,0.000000
1769695707.5521,1769695707.5399,1769695707.5403,1769695707.5522,0.00,0.00,-0.321315,0.485677,-0.432472,-0.492303,-0.417698,0.459175,-0.087073,-0.401142,0.345399,Proximity_Dist0.007,0.04,0.183379,0.055206,0.183379,0.000000,0.000000
1769695708.2726,1769695708.2600,1769695708.2609,1769695708.2728,0.00,0.00,-0.417697,0.459175,-0.093773,-0.401141,-0.487736,0.214728,0.393201,-0.173848,0.486974,Proximity_Dist0.007,0.09,0.173172,0.000000,0.000000,0.173172,0.000000
1769695709.1123,1769695709.1003,1769695709.1012,1769695709.1123,0.00,0.00,-0.487736,0.214728,0.385464,-0.173847,-0.490226,-0.192916,0.414308,0.155806,0.407644,Proximity_Dist0.008,0.04,0.342255,0.000000,0.000000,0.342255,0.000000
1769695709.8931,1769695709.8798,1769695709.8805,1769695709.8937,0.00,0.00,-0.490226,-0.187255,0.414308,0.155806,-0.416011,-0.436331,-0.096083,0.404041,0.510391,Proximity_Dist0.006,0.49,0.284368,0.000000,0.284368,0.000000,0.002007
1769695710.7547,1769695710.7423,1769695710.7436,1769695710.7553,0.00,0.00,-0.416011,-0.436331,-0.088268,0.404040,-0.262511,-0.436331,-0.436331,0.499157,0.348062,Proximity_Dist0.008,0.55,0.227322,0.000000,0.000000,0.227322,0.000000
1769695711.4521,1769695711.4398,1769695711.4436,1769695711.4522,0.00,0.00,-0.262511,-0.436331,-0.428438,0.499157,-0.100678,-0.197231,-0.285705,0.407493,0.239099,Proximity_Dist0.008,0.04,0.188316,0.000000,0.000000,0.188316,0.000000
1769695712.0328,1769695712.0199,1769695712.0210,1769695712.0330,0.00,0.00,-0.100678,-0.206123,-0.285705,0.407492,0.043574,0.086817,0.129398,0.234741,0.415104,Proximity_Dist0.009,0.12,0.338798,0.000000,0.338798,0.000000,0.000000
1769695712.8332,1769695712.8201,1769695712.8207,1769695712.8333,0.00,0.00,0.043574,0.086816,0.123633,0.234742,0.234103,0.413716,0.497032,-0.075359,0.373398,Proximity_Dist0.006,0.04,0.276012,0.000000,0.000000,0.276012,0.000000
1769695713.5724,1769695713.5602,1769695713.5608,1769695713.5729,0.00,0.00,0.234103,0.411761,0.488087,-0.074997,0.378026,0.494845,0.269739,-0.338359,0.263362,Proximity_Dist0.009,0.40,0.206789,0.000000,0.106935,0.206789,0.057224
1769695714.1921,1769695714.1803,1769695714.1807,1769695714.1922,0.00,0.00,0.378026,0.494844,0.270750,-0.331518,0.459839,0.361134,-0.176223,-0.472777,0.446973,Proximity_Dist0.007,0.04,0.327594,0.000000,0.000000,0.158451,0.327594
1769695714.9942,1769695714.9800,1769695714.9806,1769695714.9953,0.00,0.00,0.459838,0.361133,-0.168453,-0.472778,0.499997,0.003538,-0.436331,-0.476395,0.357596,Proximity_Dist0.008,0.98,0.296766,0.000000,0.000000,0.296766,0.000000
1769695715.7322,1769695715.7200,1769695715.7211,1769695715.7324,0.00,0.00,0.499997,0.010269,-0.436331,-0.476395,0.466800,-0.334523,-0.227071,-0.310609,0.344792,Proximity_Dist0.007,0.05,0.175105,0.000000,0.175105,0.000000,0.000000
1769695716.4321,1769695716.4206,1769695716.4244,1769695716.4326,0.00,0.00,0.466801,-0.326682,-0.227071,-0.310609,0.377067,-0.436331,0.273422,-0.055037,0.500493,Proximity_Dist0.008,0.38,0.202065,0.000000,0.202065,0.000000,0.000000
1769695717.2924,1769695717.2800,1769695717.2826,1769695717.2925,0.00,0.00,0.377066,-0.436331,0.266647,-0.055037,0.205857,-0.375200,0.477993,0.273051,0.328088,Proximity_Dist0.007,0.04,0.174307,0.000000,0.000000,0.174307,0.000000
1769695717.9722,1769695717.9600,1769695717.9605,1769695717.9726,0.00,0.00,0.205856,-0.375200,0.477993,0.264039,0.042117,-0.083935,0.125156,0.450421,0.352838,Proximity_Dist0.009,0.04,0.219519,0.000000,0.000000,0.000000,0.219519
1769695718.6921,1769695718.6798,1769695718.6803,1769695718.6922,0.00,0.00,0.042117,-0.083935,0.132859,0.450421,-0.136094,0.261911,-0.367951,0.495979,0.500810,Proximity_Dist0.008,0.04,0.325906,0.000000,0.050829,0.325906,0.000000
1769695719.5521,1769695719.5410,1769695719.5417,1769695719.5522,0.00,0.00,-0.136094,0.261911,-0.360207,0.495979,-0.324271,0.493656,-0.427252,0.342968,0.231745,Proximity_Dist0.008,0.04,0.253578,0.000000,0.000000,0.253578,0.000000
1769695720.1336,1769695719.6005,1769695719.6022,1769695720.1351,0.00,0.00,-0.323902,0.484715,-0.427251,0.342968,-0.335541,0.497529,-0.402179,0.325116,0.025072,Proximity_Dist0.009,0.09,0.000000,0.000000,0.000000,0.000000,0.000000
1769695727.0353,1769695727.0102,1769695727.0130,1769695727.0354,0.00,0.00,-0.335541,0.497529,-0.402180,0.325116,0.499900,0.009999,0.009997,0.149730,0.835441,Proximity_Dist0.000,0.04,0.000000,0.000000,0.000000,0.000000,0.000000
1769695728.0729,1769695728.0500,1769695728.0513,1769695728.0730,0.00,0.00,0.494246,0.009999,0.009997,0.149730,0.244436,0.436178,0.213235,-0.149889,0.426179,Proximity_Dist0.006,0.04,0.274258,0.274258,0.000000,0.000000,0.000000
1769695728.8521,1769695728.8500,1769695728.8518,1769695728.8523,0.00,0.00,0.244437,0.427180,0.213236,-0.149889,-0.142595,0.479236,-0.136673,0.114418,0.387031,Proximity_Dist0.009,0.09,0.386168,0.000000,0.386168,0.000000,0.000000
1769695729.6321,1769695729.6301,1769695729.6308,1769695729.6322,0.00,0.00,-0.135921,0.479236,-0.135669,0.114419,-0.438409,0.240411,-0.210797,-0.009896,0.302488,Proximity_Dist0.007,0.04,0.176842,0.176842,0.000000,0.080621,0.000000
1769695730.2963,1769695730.2902,1769695730.2914,1769695730.2964,0.00,0.00,-0.431692,0.240452,-0.210797,-0.009896,-0.493740,-0.078873,0.077885,-0.133379,0.319324,Proximity_Dist0.007,0.04,0.198733,0.198733,0.039472,0.000000,0.000000
1769695730.9750,1769695730.9501,1769695730.9512,1769695730.9751,0.00,0.00,-0.493740,-0.070990,0.075319,-0.133378,-0.341692,-0.365029,0.249455,0.116033,0.294040,Proximity_Dist0.008,0.04,0.233058,0.000000,0.233058,0.145199,0.000000
1769695731.6340,1769695731.6106,1769695731.6112,1769695731.6345,0.00,0.00,-0.341692,-0.358312,0.249455,0.115039,-0.046129,-0.436331,0.045932,0.041045,0.295563,Proximity_Dist0.007,0.46,0.157647,0.000000,0.157647,0.000000,0.070708
1769695732.2926,1769695732.2709,1769695732.2721,1769695732.2928,0.00,0.00,-0.052841,-0.436331,0.045932,0.041045,0.268810,-0.421594,-0.226657,-0.148694,0.321651,Proximity_Dist0.007,0.04,0.170314,0.170314,0.000000,0.000000,0.000000
1769695732.9722,1769695732.9707,1769695732.9717,1769695732.9723,0.00,0.00,0.262105,-0.421593,-0.226293,-0.148695,0.477195,-0.149281,-0.142472,0.092114,0.272312,Proximity_Dist0.007,0.04,0.321970,0.321970,0.000000,0.116668,0.000000
1769695733.5942,1769695733.5701,1769695733.5706,1769695733.5943,0.00,0.00,0.477156,-0.158388,-0.142473,0.088891,0.478136,0.146238,0.139843,0.094360,0.304626,Proximity_Dist0.009,0.04,0.319991,0.063341,0.319991,0.000000,0.206794
1769695734.2723,1769695734.2500,1769695734.2504,1769695734.2724,0.00,0.00,0.478136,0.139527,0.136558,0.094359,0.279833,0.414359,0.231903,-0.146669,0.274833,Proximity_Dist0.007,0.04,0.235410,0.000000,0.235410,0.176291,0.000000
1769695734.8930,1769695734.8716,1769695734.8721,1769695734.8931,0.00,0.00,0.279832,0.405392,0.231902,-0.143442,-0.013008,0.499831,-0.013003,0.011696,0.292840,Proximity_Dist0.009,0.04,0.189855,0.007634,0.189855,0.000000,0.120780
1769695735.5525,1769695735.5513,1769695735.5521,1769695735.5550,0.00,0.00,-0.005295,0.499831,-0.012841,0.011697,-0.324405,0.380476,-0.246856,0.128093,0.319109,Proximity_Dist0.008,0.06,0.000000,0.000000,0.000000,0.000000,0.000000
1769695736.2322,1769695736.2301,1769695736.2314,1769695736.2324,0.00,0.00,-0.317559,0.380475,-0.246856,0.128093,-0.491489,0.091864,-0.090300,-0.127538,0.288611,Proximity_Dist0.007,0.04,0.174498,0.174498,0.000000,0.000000,0.000000
1769695736.8724,1769695736.8531,1769695736.8545,1769695736.8727,0.00,0.00,-0.491488,0.099720,-0.090300,-0.125020,-0.453388,-0.210806,0.191154,-0.039305,0.310526,Proximity_Dist0.008,0.04,0.363009,0.000000,0.363009,0.000000,0.226713
1769695737.5523,1769695737.5301,1769695737.5307,1769695737.5528,0.00,0.00,-0.453388,-0.201948,0.187879,-0.039305,-0.219989,-0.436331,0.197552,0.146887,0.234383,Proximity_Dist0.009,0.45,0.202729,0.000000,0.202729,0.132476,0.000000
1769695738.1524,1769695738.1511,1769695738.1521,1769695738.1551,0.00,0.00,-0.227832,-0.430550,0.197552,0.146725,0.081843,-0.436331,-0.080739,-0.071027,0.309675,Proximity_Dist0.008,2.64,0.202803,0.202803,0.177177,0.000000,0.046236
1769695738.8122,1769695738.8110,1769695738.8118,1769695738.8123,0.00,0.00,0.074989,-0.436331,-0.077501,-0.071028,0.367079,-0.339489,-0.249239,-0.092950,0.292090,Proximity_Dist0.007,0.03,0.197193,0.197193,0.000000,0.140735,0.000000
1769695739.4722,1769695739.4701,1769695739.4709,1769695739.4723,0.00,0.00,0.359315,-0.339489,-0.249238,-0.092949,0.498136,-0.043132,-0.042971,0.144993,0.296358,Proximity_Dist0.008,0.04,0.277772,0.277772,0.000000,0.000000,0.000000
1769695740.1325,1769695740.1301,1769695740.1308,1769695740.1335,0.00,0.00,0.498136,-0.050937,-0.042970,0.144836,0.419968,0.271342,0.227910,-0.022429,0.322280,Proximity_Dist0.008,0.96,0.185541,0.000000,0.185541,0.000000,0.041378
1769695740.8143,1769695740.8101,1769695740.8110,1769695740.8144,0.00,0.00,0.419968,0.263578,0.227266,-0.022429,0.155938,0.475061,0.148160,-0.122143,0.264030,Proximity_Dist0.008,0.04,0.182233,0.000000,0.182233,0.065717,0.000000
1769695741.4321,1769695741.4310,1769695741.4315,1769695741.4322,0.00,0.00,0.163902,0.475061,0.148161,-0.122143,-0.149113,0.477248,-0.142327,0.118287,0.313015,Proximity_Dist0.008,0.04,0.346081,0.346081,0.052580,0.000000,0.000000
1769695742.1120,1769695742.1102,1769695742.1105,1769695742.1121,0.00,0.00,-0.142406,0.477248,-0.139060,0.118288,-0.416036,0.277334,-0.230762,0.028784,0.273630,Proximity_Dist0.007,0.03,0.172562,0.172562,0.000000,0.127059,0.007946
1769695742.7330,1769695742.7300,1769695742.7319,1769695742.7331,0.00,0.00,-0.408260,0.277335,-0.230762,0.028784,-0.499743,-0.016016,0.016007,-0.149308,0.293350,Proximity_Dist0.008,0.04,0.311517,0.311517,0.017124,0.000000,0.000000
1769695743.3923,1769695743.3904,1769695743.3912,1769695743.3924,0.00,0.00,-0.499744,-0.007146,0.015025,-0.149308,-0.384974,-0.319053,0.245654,0.072612,0.311907,Proximity_Dist0.009,0.04,0.192740,0.000000,0.192740,0.075786,0.000000
1769695744.0721,1769695744.0700,1769695744.0717,1769695744.0731,0.00,0.00,-0.384974,-0.311327,0.245655,0.072613,-0.098727,-0.436331,0.096783,0.084235,0.286248,Proximity_Dist0.008,0.90,0.256439,0.000000,0.256439,0.008006,0.000000
1769695744.7346,1769695744.7302,1769695744.7333,1769695744.7362,0.00,0.00,-0.106519,-0.436331,0.096784,0.084235,0.222530,-0.436331,-0.199276,-0.147383,0.329048,Proximity_Dist0.008,1.53,0.164416,0.164416,0.000000,0.000000,0.000000
1769695745.4124,1769695745.4101,1769695745.4105,1769695745.4125,0.00,0.00,0.213424,-0.436331,-0.194461,-0.147383,0.454575,-0.208234,-0.189316,0.041760,0.241152,Proximity_Dist0.009,0.04,0.219625,0.219625,0.000000,0.163552,0.000000
1769695746.0123,1769695746.0111,1769695746.0116,1769695746.0124,0.00,0.00,0.448847,-0.212294,-0.189316,0.041603,0.492755,0.084810,0.083581,0.130814,0.297104,Proximity_Dist0.006,0.03,0.319758,0.319758,0.281283,0.000000,0.098237
1769695746.6727,1769695746.6708,1769695746.6713,1769695746.6728,0.00,0.00,0.492755,0.078156,0.081593,0.130814,0.337274,0.369115,0.248986,-0.119389,0.290959,Proximity_Dist0.007,0.04,0.174560,0.000000,0.174560,0.105405,0.000000
1769695747.3124,1769695747.2900,1769695747.2911,1769695747.3125,0.00,0.00,0.337274,0.361377,0.248987,-0.117953,0.060031,0.496383,0.059597,-0.052989,0.277243,Proximity_Dist0.008,0.04,0.254971,0.000000,0.254971,0.000000,0.128794
1769695747.9525,1769695747.9300,1769695747.9304,1769695747.9527,0.00,0.00,0.067836,0.496384,0.059596,-0.052990,-0.248287,0.433997,-0.215512,0.149989,0.316123,Proximity_Dist0.008,0.09,0.180757,0.180757,0.000000,0.000000,0.000000
1769695748.6323,1769695748.6304,1769695748.6315,1769695748.6326,0.00,0.00,-0.241510,0.433997,-0.213575,0.149990,-0.469489,0.171988,-0.161493,-0.074187,0.262009,Proximity_Dist0.007,0.24,0.172078,0.172078,0.000000,0.099394,0.000000
1769695749.2321,1769695749.2314,1769695749.2320,1769695749.2322,0.00,0.00,-0.467559,0.181061,-0.161494,-0.072232,-0.484598,-0.123145,0.119352,-0.110105,0.304206,Proximity_Dist0.009,0.04,0.234062,0.117743,0.234062,0.000000,0.119327
1769695749.8921,1769695749.8907,1769695749.8919,1769695749.8922,0.00,0.00,-0.484598,-0.114222,0.114471,-0.110106,-0.307326,-0.394399,0.242418,0.137265,0.280177,Proximity_Dist0.009,0.03,0.348302,0.000000,0.348302,0.273311,0.000000
1769695750.5329,1769695750.5312,1769695750.5325,1769695750.5356,0.00,0.00,-0.307326,-0.387585,0.242418,0.134070,-0.010972,-0.436331,0.010969,0.009868,0.296355,Proximity_Dist0.007,2.62,0.244009,0.000000,0.244009,0.000000,0.175049
1769695751.1933,1769695751.1903,1769695751.1906,1769695751.1934,0.00,0.00,-0.019931,-0.436331,0.011009,0.009868,0.297817,-0.401628,-0.239223,-0.141244,0.317748,Proximity_Dist0.009,0.05,0.187503,0.187503,0.000000,0.028312,0.000000
1769695751.8520,1769695751.8503,1769695751.8518,1769695751.8521,0.00,0.00,0.288781,-0.401628,-0.238865,-0.141244,0.481518,-0.134686,-0.129708,0.102528,0.266942,Proximity_Dist0.009,0.04,0.304653,0.304653,0.000000,0.088991,0.000000
1769695752.4926,1769695752.4706,1769695752.4719,1769695752.4927,0.00,0.00,0.481519,-0.142462,-0.129708,0.099949,0.470155,0.170161,0.160004,0.075703,0.312623,Proximity_Dist0.008,0.04,0.180365,0.000000,0.180365,0.000000,0.112264
1769695753.1735,1769695753.1504,1769695753.1523,1769695753.1742,0.00,0.00,0.470155,0.164451,0.157428,0.075704,0.258583,0.427942,0.221318,-0.149732,0.263491,Proximity_Dist0.006,0.23,0.268167,0.000000,0.268167,0.197057,0.000000
1769695753.7926,1769695753.7711,1769695753.7719,1769695753.7927,0.00,0.00,0.258583,0.422230,0.221318,-0.149090,-0.038194,0.498539,-0.038082,0.034107,0.296777,Proximity_Dist0.006,0.04,0.279417,0.049390,0.279417,0.000000,0.126697
1769695754.4520,1769695754.4505,1769695754.4507,1769695754.4521,0.00,0.00,-0.032452,0.498539,-0.037444,0.034107,-0.343176,0.363634,-0.249581,0.114862,0.310724,Proximity_Dist0.006,0.03,0.292623,0.292623,0.000000,0.131312,0.000000
1769695755.1335,1769695755.1100,1769695755.1126,1769695755.1337,0.00,0.00,-0.337465,0.363634,-0.249582,0.114862,-0.494057,0.076861,-0.075947,-0.134207,0.286773,Proximity_Dist0.006,0.06,0.214217,0.214217,0.000000,0.000000,0.000000
1769695755.7728,1769695755.7501,1769695755.7512,1769695755.7730,0.00,0.00,-0.494057,0.085822,-0.075948,-0.132261,-0.442182,-0.233399,0.206410,-0.017033,0.319221,Proximity_Dist0.009,0.17,0.195931,0.000000,0.195931,0.000000,0.100634
1769695756.4530,1769695756.4501,1769695756.4513,1769695756.4534,0.00,0.00,-0.442183,-0.228516,0.205396,-0.017033,-0.187840,-0.436331,0.174081,0.137243,0.254343,Proximity_Dist0.005,0.34,0.265026,0.000000,0.265026,0.147968,0.000000
1769695757.0526,1769695757.0301,1769695757.0331,1769695757.0567,0.00,0.00,-0.195788,-0.436168,0.174081,0.137242,0.096819,-0.436331,-0.094987,-0.082781,0.292607,Proximity_Dist0.008,3.95,0.195547,0.195547,0.044193,0.000000,0.000000
1769695757.6942,1769695757.6901,1769695757.6907,1769695757.6944,0.00,0.00,0.087923,-0.436331,-0.090147,-0.082781,0.377243,-0.328158,-0.247591,-0.081825,0.289320,Proximity_Dist0.009,0.04,0.342626,0.342626,0.000000,0.267362,0.032236
1769695758.3522,1769695758.3501,1769695758.3507,1769695758.3523,0.00,0.00,0.371442,-0.328159,-0.247591,-0.081825,0.499218,-0.027949,-0.027905,0.147894,0.300210,Proximity_Dist0.006,0.09,0.241733,0.241733,0.000000,0.000000,0.000000
1769695759.0137,1769695758.9911,1769695758.9946,1769695759.0138,0.00,0.00,0.499218,-0.034765,-0.027904,0.147894,0.417112,0.275713,0.230007,-0.027065,0.310479,Proximity_Dist0.007,0.04,0.163709,0.000000,0.163709,0.000000,0.007349
1769695759.6720,1769695759.6700,1769695759.6702,1769695759.6721,0.00,0.00,0.417111,0.269038,0.229649,-0.027065,0.150968,0.476664,0.143922,-0.119356,0.266143,Proximity_Dist0.007,0.03,0.299209,0.000000,0.299209,0.100223,0.000000
1769695760.2922,1769695760.2914,1769695760.2921,1769695760.2923,0.00,0.00,0.159868,0.476663,0.143922,-0.119356,-0.154089,0.475664,-0.146589,0.121119,0.313957,Proximity_Dist0.009,0.03,0.220193,0.220193,0.009039,0.000000,0.000000
1769695760.9721,1769695760.9707,1769695760.9711,1769695760.9722,0.00,0.00,-0.147382,0.475665,-0.143320,0.121119,-0.418910,0.272974,-0.228703,0.024159,0.271527,Proximity_Dist0.007,0.04,0.173397,0.173397,0.000000,0.127681,0.007986
1769695761.5920,1769695761.5905,1769695761.5909,1769695761.5921,0.00,0.00,-0.410054,0.272973,-0.228703,0.024159,-0.499549,-0.021234,0.021215,-0.148784,0.294207,Proximity_Dist0.009,0.03,0.198347,0.198347,0.008254,0.000000,0.000000
1769695762.2558,1769695762.2304,1769695762.2320,1769695762.2560,0.00,0.00,-0.499548,-0.012339,0.020218,-0.148784,-0.388005,-0.315360,0.244723,0.068820,0.303021,Proximity_Dist0.009,0.04,0.165564,0.000000,0.165564,0.065739,0.000000
1769695762.9321,1769695762.9302,1769695762.9312,1769695762.9326,0.00,0.00,-0.388006,-0.307614,0.244723,0.068820,-0.093602,-0.436331,0.091947,0.080306,0.294404,Proximity_Dist0.008,0.39,0.191422,0.000000,0.191422,0.002072,0.000000
1769695763.5963,1769695763.5906,1769695763.5946,1769695763.5981,0.00,0.00,-0.100288,-0.436331,0.091947,0.080306,0.227194,-0.436331,-0.202385,-0.148184,0.327481,Proximity_Dist0.007,1.70,0.259759,0.259759,0.000000,0.000000,0.000000
1769695764.2922,1769695764.2705,1769695764.2722,1769695764.2924,0.00,0.00,0.222303,-0.436331,-0.200447,-0.148184,0.456725,-0.203475,-0.185864,0.046253,0.234422,Proximity_Dist0.005,0.18,0.276073,0.276073,0.000000,0.190128,0.000000
1769695764.8720,1769695764.8704,1769695764.8707,1769695764.8721,0.00,0.00,0.450073,-0.210222,-0.185864,0.045889,0.491842,0.089952,0.088484,0.128450,0.300173,Proximity_Dist0.007,0.03,0.252229,0.248628,0.252229,0.000000,0.085263
1769695765.5334,1769695765.5100,1769695765.5112,1769695765.5335,0.00,0.00,0.491843,0.083289,0.085293,0.128451,0.340786,0.365876,0.249370,-0.116737,0.282587,Proximity_Dist0.007,0.04,0.167729,0.000000,0.167729,0.121391,0.000000
1769695766.1728,1769695766.1704,1769695766.1722,1769695766.1732,0.00,0.00,0.340786,0.359177,0.249371,-0.115723,0.044894,0.497980,0.044712,-0.039970,0.295892,Proximity_Dist0.007,0.36,0.167729,0.000000,0.167729,0.000000,0.076885
1769695766.8322,1769695766.8304,1769695766.8310,1769695766.8323,0.00,0.00,0.053839,0.497981,0.044712,-0.039970,-0.269855,0.420926,-0.227178,0.148543,0.323694,Proximity_Dist0.009,0.04,0.196771,0.196771,0.000000,0.000000,0.000000
1769695767.5348,1769695767.5105,1769695767.5111,1769695767.5350,0.00,0.00,-0.264144,0.420926,-0.227016,0.148543,-0.474507,0.157618,-0.149581,-0.085768,0.263309,Proximity_Dist0.006,0.08,0.264928,0.264928,0.000000,0.083797,0.000000
1769695768.1520,1769695768.1501,1769695768.1507,1769695768.1521,0.00,0.00,-0.474467,0.164465,-0.149582,-0.083800,-0.474728,-0.156949,0.149016,-0.086288,0.321414,Proximity_Dist0.007,0.04,0.176219,0.029497,0.176219,0.000000,0.102422
1769695768.8330,1769695768.8301,1769695768.8310,1769695768.8331,0.00,0.00,-0.474728,-0.150252,0.145766,-0.086287,-0.270447,-0.420545,0.227471,0.148454,0.270293,Proximity_Dist0.007,0.04,0.164579,0.000000,0.164579,0.120668,0.000000
1769695769.4532,1769695769.4501,1769695769.4514,1769695769.4536,0.00,0.00,-0.270447,-0.413690,0.227471,0.146482,0.024240,-0.436331,-0.024212,-0.021748,0.294688,Proximity_Dist0.007,0.36,0.169466,0.007847,0.169466,0.000000,0.098570
1769695770.1122,1769695770.1102,1769695770.1106,1769695770.1125,0.00,0.00,0.016480,-0.436331,-0.023569,-0.021749,0.325347,-0.379670,-0.247049,-0.127509,0.308868,Proximity_Dist0.008,0.05,0.214582,0.214582,0.000000,0.077161,0.000000
1769695770.7722,1769695770.7500,1769695770.7510,1769695770.7723,0.00,0.00,0.317417,-0.379670,-0.247050,-0.127509,0.487697,-0.110235,-0.107523,0.117862,0.269435,Proximity_Dist0.008,0.04,0.331608,0.331608,0.000000,0.017732,0.000000
1769695771.4120,1769695771.4101,1769695771.4114,1769695771.4121,0.00,0.00,0.487697,-0.117003,-0.107523,0.115875,0.452864,0.211930,0.191951,0.038227,0.328933,Proximity_Dist0.007,0.03,0.183108,0.000000,0.183108,0.000000,0.108707
1769695772.1127,1769695772.1104,1769695772.1119,1769695772.1128,0.00,0.00,0.452864,0.206267,0.190503,0.038226,0.209840,0.453836,0.190466,-0.144505,0.247569,Proximity_Dist0.006,0.03,0.214276,0.000000,0.214276,0.125290,0.000000
1769695772.7134,1769695772.6901,1769695772.6933,1769695772.7135,0.00,0.00,0.216630,0.447079,0.190466,-0.144505,-0.073189,0.494614,-0.072401,0.063989,0.289819,Proximity_Dist0.007,0.04,0.168188,0.168188,0.167415,0.000000,0.007634
1769695773.3530,1769695773.3501,1769695773.3506,1769695773.3531,0.00,0.00,-0.064344,0.494614,-0.069125,0.063989,-0.361075,0.345868,-0.249769,0.099006,0.296731,Proximity_Dist0.009,0.04,0.195982,0.195982,0.000000,0.128345,0.000000
1769695774.0123,1769695773.9938,1769695773.9941,1769695774.0125,0.00,0.00,-0.354318,0.345868,-0.249769,0.099006,-0.496168,0.061787,-0.061313,-0.139758,0.284082,Proximity_Dist0.007,0.05,0.252418,0.252418,0.000000,0.000000,0.000000
1769695774.6729,1769695774.6701,1769695774.6705,1769695774.6737,0.00,0.00,-0.496167,0.068454,-0.061313,-0.139404,-0.424657,-0.263943,0.224171,0.014607,0.332398,Proximity_Dist0.007,0.14,0.178491,0.000000,0.178491,0.000000,0.055407
1769695775.3541,1769695775.3506,1769695775.3539,1769695775.3580,0.00,0.00,-0.424658,-0.256149,0.222743,0.014607,-0.164236,-0.436331,0.155123,0.126549,0.260421,Proximity_Dist0.008,3.79,0.298277,0.000000,0.298277,0.153228,0.000000
1769695775.9720,1769695775.9512,1769695775.9532,1769695775.9724,0.00,0.00,-0.172092,-0.436331,0.155123,0.126549,0.131106,-0.436331,-0.126519,-0.107178,0.303198,Proximity_Dist0.008,0.38,0.201286,0.201286,0.000000,0.000000,0.000000
1769695776.6325,1769695776.6310,1769695776.6315,1769695776.6326,0.00,0.00,0.123327,-0.436331,-0.122473,-0.107179,0.405340,-0.292744,-0.237322,-0.045137,0.282013,Proximity_Dist0.008,0.04,0.185952,0.185952,0.000000,0.140635,0.018173
1769695777.2723,1769695777.2701,1769695777.2704,1769695777.2724,0.00,0.00,0.397620,-0.292744,-0.237323,-0.045138,0.499947,0.007259,0.007258,0.149858,0.300003,Proximity_Dist0.008,0.04,0.338723,0.338723,0.000000,0.000000,0.000000
1769695777.9522,1769695777.9301,1769695777.9326,1769695777.9523,0.00,0.00,0.499948,0.002381,0.007257,0.149857,0.390504,0.312260,0.243878,-0.065617,0.309879,Proximity_Dist0.005,0.04,0.274005,0.000000,0.274005,0.032567,0.000000
1769695778.6121,1769695778.6103,1769695778.6107,1769695778.6123,0.00,0.00,0.390503,0.303334,0.243878,-0.065617,0.107298,0.488351,0.104799,-0.090639,0.283205,Proximity_Dist0.009,0.04,0.195493,0.000000,0.195493,0.008078,0.000000
1769695779.2541,1769695779.2512,1769695779.2517,1769695779.2542,0.00,0.00,0.116148,0.488352,0.104798,-0.090638,-0.205578,0.455783,-0.187397,0.143317,0.321726,Proximity_Dist0.009,0.04,0.361141,0.361141,0.000000,0.000000,0.000000
1769695779.9535,1769695779.9300,1769695779.9313,1769695779.9536,0.00,0.00,-0.196709,0.455782,-0.184111,0.143316,-0.446445,0.225138,-0.201024,-0.025314,0.249736,Proximity_Dist0.009,0.04,0.257554,0.257554,0.000000,0.171591,0.001927
1769695780.5720,1769695780.5705,1769695780.5708,1769695780.5721,0.00,0.00,-0.441627,0.228342,-0.201024,-0.025314,-0.492543,-0.086032,0.084749,-0.130264,0.314374,Proximity_Dist0.005,0.04,0.268615,0.268615,0.227298,0.000000,0.000000
1769695781.2320,1769695781.2303,1769695781.2310,1769695781.2321,0.00,0.00,-0.492542,-0.078099,0.080781,-0.130264,-0.336357,-0.369951,0.248871,0.120061,0.291852,Proximity_Dist0.008,0.04,0.189126,0.000000,0.189126,0.137601,0.000000
1769695781.8741,1769695781.8701,1769695781.8707,1769695781.8746,0.00,0.00,-0.336358,-0.362222,0.248872,0.118624,-0.048858,-0.436331,0.048624,0.043412,0.287500,Proximity_Dist0.008,0.46,0.182491,0.000000,0.182491,0.000000,0.089374
1769695782.5340,1769695782.5304,1769695782.5311,1769695782.5341,0.00,0.00,-0.054607,-0.436331,0.048623,0.043412,0.266494,-0.423061,-0.225487,-0.148999,0.321101,Proximity_Dist0.006,0.04,0.275992,0.275992,0.000000,0.000000,0.000000
1769695783.2120,1769695783.2109,1769695783.2114,1769695783.2121,0.00,0.00,0.258708,-0.423061,-0.224069,-0.148999,0.473237,-0.161391,-0.152752,0.082804,0.261670,Proximity_Dist0.008,0.03,0.187840,0.187840,0.000000,0.090079,0.000000
1769695783.8320,1769695783.8300,1769695783.8303,1769695783.8321,0.00,0.00,0.473198,-0.168196,-0.152753,0.080856,0.478931,0.143614,0.137563,0.096265,0.311810,Proximity_Dist0.007,0.04,0.312703,0.069687,0.312703,0.000000,0.189169
1769695784.4920,1769695784.4900,1769695784.4903,1769695784.4921,0.00,0.00,0.478931,0.134688,0.132684,0.096265,0.290299,0.407095,0.236359,-0.143839,0.272407,Proximity_Dist0.009,0.04,0.236357,0.000000,0.236357,0.181987,0.000000
1769695785.1121,1769695785.1111,1769695785.1115,1769695785.1122,0.00,0.00,0.290299,0.399147,0.236359,-0.139871,-0.000268,0.500000,-0.000268,0.000241,0.290567,Proximity_Dist0.008,0.04,0.363421,0.019204,0.363421,0.000000,0.269472
1769695785.7722,1769695785.7507,1769695785.7520,1769695785.7724,0.00,0.00,0.007641,0.500000,-0.000106,0.000241,-0.298813,0.400888,-0.239581,0.140864,0.306454,Proximity_Dist0.008,0.04,0.189621,0.189621,0.000000,0.043048,0.000000
1769695786.4361,1769695786.4300,1769695786.4330,1769695786.4362,0.00,0.00,-0.292033,0.400888,-0.239542,0.140864,-0.484424,0.123828,-0.119971,-0.109673,0.277060,Proximity_Dist0.007,0.04,0.276709,0.276709,0.000000,0.061610,0.000000
1769695787.0723,1769695787.0541,1769695787.0572,1769695787.0724,0.00,0.00,-0.484423,0.132782,-0.119970,-0.106437,-0.466211,-0.180686,0.168476,-0.066804,0.313468,Proximity_Dist0.009,0.04,0.258180,0.000000,0.258180,0.000000,0.164912
1769695787.7584,1769695787.7304,1769695787.7309,1769695787.7585,0.00,0.00,-0.466211,-0.174983,0.165913,-0.066804,-0.248898,-0.433647,0.215868,0.149996,0.258664,Proximity_Dist0.006,0.04,0.218824,0.000000,0.218824,0.160271,0.000000
1769695788.3527,1769695788.3501,1769695788.3525,1769695788.3543,0.00,0.00,-0.250867,-0.424572,0.215868,0.148031,0.049391,-0.436331,-0.049149,-0.043874,0.300258,Proximity_Dist0.009,1.58,0.443777,0.240024,0.443777,0.000000,0.239457
1769695789.0328,1769695789.0305,1769695789.0311,1769695789.0329,0.00,0.00,0.043619,-0.436331,-0.047732,-0.043874,0.351264,-0.355828,-0.249979,-0.108100,0.307645,Proximity_Dist0.006,0.04,0.238299,0.238299,0.000000,0.133821,0.000000
1769695789.6920,1769695789.6912,1769695789.6915,1769695789.6921,0.00,0.00,0.344408,-0.355829,-0.249980,-0.108100,0.495660,-0.065736,-0.065165,0.138417,0.290093,Proximity_Dist0.007,0.04,0.197351,0.197351,0.000000,0.000000,0.000000
1769695790.3319,1769695790.3308,1769695790.3313,1769695790.3320,0.00,0.00,0.495660,-0.073633,-0.065165,0.137002,0.436824,0.243280,0.212541,0.006951,0.316913,Proximity_Dist0.008,0.03,0.189461,0.000000,0.189461,0.000000,0.089431
1769695790.9922,1769695790.5700,1769695790.5706,1769695790.9923,0.00,0.00,0.436824,0.234236,0.209310,0.006952,0.366475,0.340141,0.249306,-0.093576,0.105905,Proximity_Dist0.009,0.04,0.380560,0.000000,0.380560,0.248181,0.000000
1769695798.2944,1769695798.2775,1769695798.2789,1769695798.2945,0.00,0.00,0.366476,0.340140,0.249306,-0.093576,0.019194,0.016977,-0.000684,-0.005785,0.347281,Proximity_Dist0.000,0.07,0.000000,0.000000,0.000000,0.000000,0.000000
1769695798.9341,1769695798.9120,1769695798.9130,1769695798.9342,0.00,0.00,0.028164,0.021750,-0.000684,-0.005784,0.077493,0.053881,0.098415,-0.063630,0.099100,Proximity_Dist0.009,0.04,0.327638,0.327638,0.250127,0.000000,0.000000
1769695799.3325,1769695799.3115,1769695799.3133,1769695799.3327,0.00,0.00,0.077493,0.053882,0.089315,-0.063629,0.062348,0.095531,0.019809,0.044976,0.108606,Proximity_Dist0.009,0.04,0.206208,0.008236,0.000000,0.206208,0.008172
1769695799.7320,1769695799.7121,1769695799.7140,1769695799.7321,0.00,0.00,0.062348,0.095531,0.020178,0.036051,0.139891,0.135106,-0.020251,0.061672,0.077542,Proximity_Dist0.009,0.04,0.293929,0.000000,0.000000,0.089136,0.293929
1769695800.0942,1769695800.0801,1769695800.0810,1769695800.0943,0.00,0.00,0.134080,0.135106,-0.020251,0.061671,0.254174,0.148111,0.070013,0.142300,0.120094,Proximity_Dist0.006,0.05,0.266510,0.266510,0.000000,0.000000,0.000000
1769695800.4920,1769695800.4914,1769695800.4917,1769695800.4921,0.00,0.00,0.246418,0.148112,0.069351,0.142143,0.223097,0.189150,0.034741,0.178916,0.041038,Proximity_Dist0.008,0.03,0.364606,0.364606,0.000000,0.150427,0.098929
1769695800.7521,1769695800.7318,1769695800.7329,1769695800.7522,0.00,0.00,0.225206,0.181985,0.039580,0.173894,0.161427,0.219648,0.033465,0.286962,0.113068,Proximity_Dist0.007,0.04,0.184087,0.109565,0.184087,0.149703,0.155407
1769695801.1521,1769695801.1514,1769695801.1519,1769695801.1521,0.00,0.00,0.161427,0.219648,0.033465,0.279227,0.125362,0.272003,-0.033312,0.372221,0.092993,Proximity_Dist0.008,0.03,0.183650,0.000000,0.000000,0.000000,0.183650
1769695801.5124,1769695801.4935,1769695801.4938,1769695801.5125,0.00,0.00,0.125362,0.272003,-0.031882,0.366226,0.131319,0.176344,-0.054015,0.405510,0.095659,Proximity_Dist0.006,0.04,0.311097,0.000000,0.019427,0.173913,0.311097
1769695801.8926,1769695801.8915,1769695801.8917,1769695801.8926,0.00,0.00,0.131319,0.182303,-0.054014,0.405510,0.211624,0.130300,0.021936,0.378509,0.080305,Proximity_Dist0.006,0.03,0.310175,0.000000,0.310175,0.000000,0.000000
1769695802.2321,1769695802.2114,1769695802.2132,1769695802.2322,0.00,0.00,0.203435,0.130299,0.014190,0.378510,0.244022,0.171216,-0.034073,0.445430,0.066921,Proximity_Dist0.008,0.04,0.203203,0.203203,0.018812,0.192180,0.000000
1769695802.5535,1769695802.5320,1769695802.5341,1769695802.5537,0.00,0.00,0.244023,0.171217,-0.031421,0.437633,0.224887,0.147808,-0.063884,0.394529,0.043103,Proximity_Dist0.008,0.04,0.238367,0.000000,0.031656,0.155117,0.238367
1769695802.8340,1769695802.8114,1769695802.8122,1769695802.8341,0.00,0.00,0.224887,0.147808,-0.063719,0.402511,0.225420,0.117750,-0.006473,0.381399,0.057246,Proximity_Dist0.008,0.04,0.237169,0.000000,0.007371,0.060122,0.237169
1769695803.1361,1769695803.1118,1769695803.1138,1769695803.1362,0.00,0.00,0.225420,0.117750,-0.015333,0.381398,0.185188,0.067330,-0.029209,0.402013,0.050420,Proximity_Dist0.009,0.04,0.173394,0.000000,0.007407,0.173394,0.000000
1769695803.4320,1769695803.4114,1769695803.4119,1769695803.4321,0.00,0.00,0.186227,0.072212,-0.029208,0.402014,0.242898,0.092213,-0.078846,0.438320,0.056670,Proximity_Dist0.005,0.04,0.273139,0.156357,0.273139,0.000000,0.000000
1769695803.7122,1769695803.7115,1769695803.7118,1769695803.7123,0.00,0.00,0.233992,0.092213,-0.074040,0.437950,0.163819,0.038989,-0.025817,0.379357,0.070173,Proximity_Dist0.009,0.03,0.205665,0.205665,0.000000,0.156313,0.058333
1769695804.0721,1769695804.0532,1769695804.0541,1769695804.0722,0.00,0.00,0.170772,0.039343,-0.025859,0.380367,0.256642,-0.018828,-0.062675,0.426202,0.085870,Proximity_Dist0.007,0.04,0.193508,0.193508,0.057460,0.034400,0.085264
1769695804.4332,1769695804.4114,1769695804.4129,1769695804.4333,0.00,0.00,0.248773,-0.018827,-0.062675,0.426202,0.258020,-0.019870,-0.122911,0.380970,0.060236,Proximity_Dist0.008,0.04,0.249068,0.249068,0.030750,0.000000,0.000000
1769695804.7533,1769695804.7317,1769695804.7336,1769695804.7535,0.00,0.00,0.258021,-0.019871,-0.117912,0.381355,0.254984,-0.030093,-0.153513,0.322772,0.058583,Proximity_Dist0.005,0.04,0.279103,0.000000,0.000000,0.279103,0.117666
1769695805.0526,1769695805.0322,1769695805.0353,1769695805.0527,0.00,0.00,0.254984,-0.030093,-0.153512,0.328520,0.266576,-0.011973,-0.150980,0.382690,0.054170,Proximity_Dist0.006,0.04,0.286690,0.000000,0.000000,0.002099,0.286690
1769695805.3524,1769695805.3320,1769695805.3327,1769695805.3526,0.00,0.00,0.266576,-0.011973,-0.150980,0.376772,0.271813,-0.058600,-0.143993,0.318300,0.058472,Proximity_Dist0.006,0.04,0.295679,0.000000,0.000000,0.000000,0.295679
1769695805.6525,1769695805.6315,1769695805.6321,1769695805.6526,0.00,0.00,0.271814,-0.056616,-0.143993,0.327539,0.270051,-0.008357,-0.154959,0.392669,0.065130,Proximity_Dist0.009,0.04,0.200810,0.000000,0.101959,0.000000,0.200810
1769695805.9924,1769695805.9735,1769695805.9743,1769695805.9925,0.00,0.00,0.270051,-0.009000,-0.154959,0.384571,0.198095,-0.036490,-0.193937,0.375822,0.071956,Proximity_Dist0.008,0.04,0.357399,0.000000,0.136968,0.000000,0.357399
1769695806.3324,1769695806.3116,1769695806.3122,1769695806.3326,0.00,0.00,0.204851,-0.036490,-0.193937,0.375822,0.159239,-0.047786,-0.215246,0.323258,0.052564,Proximity_Dist0.007,0.04,0.170479,0.170479,0.000000,0.000000,0.000000
1769695806.6131,1769695806.6114,1769695806.6118,1769695806.6132,0.00,0.00,0.161206,-0.047785,-0.215246,0.330364,0.177109,-0.022824,-0.248406,0.319598,0.033160,Proximity_Dist0.007,0.04,0.177223,0.099170,0.000000,0.000000,0.177223
1769695806.8527,1769695806.8317,1769695806.8337,1769695806.8528,0.00,0.00,0.176752,-0.024940,-0.241401,0.319598,0.198329,-0.042091,-0.195847,0.340403,0.045554,Proximity_Dist0.007,0.04,0.183248,0.054486,0.111922,0.183248,0.000000
1769695807.1331,1769695807.1131,1769695807.1137,1769695807.1332,0.00,0.00,0.198329,-0.042092,-0.202953,0.340402,0.060266,0.021702,-0.151515,0.372523,0.138063,Proximity_Dist0.007,0.04,0.186841,0.000000,0.000000,0.186841,0.000000
1769695807.5740,1769695807.5516,1769695807.5528,1769695807.5743,0.00,0.00,0.069506,0.021701,-0.151516,0.372523,-0.014464,0.125221,-0.199098,0.357526,0.103519,Proximity_Dist0.009,0.26,0.189998,0.189998,0.000000,0.000000,0.000000
1769695807.9720,1769695807.9515,1769695807.9552,1769695807.9721,0.00,0.00,-0.014299,0.117393,-0.199098,0.357527,0.045696,0.152311,-0.192749,0.272283,0.085245,Proximity_Dist0.008,0.04,0.194300,0.045609,0.194300,0.000000,0.000000
1769695808.3331,1769695808.3114,1769695808.3119,1769695808.3335,0.00,0.00,0.045325,0.152311,-0.192749,0.279316,0.057687,0.178008,-0.216668,0.225695,0.053621,Proximity_Dist0.007,0.16,0.306851,0.107939,0.000000,0.000000,0.306851
1769695808.6126,1769695808.5927,1769695808.5965,1769695808.6130,0.00,0.00,0.057687,0.178008,-0.216669,0.231519,0.106339,0.233503,-0.162205,0.161261,0.070258,Proximity_Dist0.006,0.04,0.228929,0.000000,0.032070,0.008367,0.228929
1769695808.9162,1769695808.8914,1769695808.8945,1769695808.9167,0.00,0.00,0.104270,0.228536,-0.167080,0.170507,0.125459,0.302960,-0.183666,0.248425,0.077918,Proximity_Dist0.009,0.22,0.232177,0.126328,0.177344,0.174048,0.232177
1769695809.2921,1769695809.2716,1769695809.2741,1769695809.2936,0.00,0.00,0.125460,0.301927,-0.183666,0.241662,0.089173,0.308138,-0.206551,0.341234,0.099573,Proximity_Dist0.007,0.05,0.000000,0.000000,0.000000,0.000000,0.000000
1769695809.6740,1769695809.6515,1769695809.6537,1769695809.6741,0.00,0.00,0.089174,0.308138,-0.206551,0.334450,0.011193,0.315843,-0.149340,0.232921,0.101529,Proximity_Dist0.007,0.04,0.169304,0.000000,0.000000,0.000000,0.169304
1769695810.0736,1769695810.0514,1769695810.0518,1769695810.0737,0.00,0.00,0.011233,0.315844,-0.149339,0.239607,0.081816,0.261881,-0.082442,0.180894,0.070582,Proximity_Dist0.007,0.04,0.283368,0.065626,0.000000,0.000000,0.283368
1769695810.3924,1769695810.3715,1769695810.3723,1769695810.3934,0.00,0.00,0.072369,0.265114,-0.091391,0.182934,0.073784,0.279652,-0.081892,0.230300,0.047365,Proximity_Dist0.009,0.08,0.205404,0.205404,0.124253,0.194567,0.104891
1769695810.6961,1769695810.6715,1769695810.6730,1769695810.6962,0.00,0.00,0.073784,0.279652,-0.081891,0.223620,0.041449,0.265326,-0.076001,0.225267,0.032334,Proximity_Dist0.007,0.04,0.150302,0.000000,0.000000,0.000000,0.150302
1769695810.9123,1769695810.8925,1769695810.8949,1769695810.9127,0.00,0.00,0.049372,0.265327,-0.076000,0.225266,-0.011697,0.340111,-0.045560,0.268194,0.074785,Proximity_Dist0.008,0.04,0.345018,0.345018,0.054818,0.000000,0.000000
1769695811.2520,1769695811.2516,1769695811.2518,1769695811.2521,0.00,0.00,-0.010282,0.331969,-0.045560,0.268194,-0.035408,0.313895,-0.075774,0.285623,0.030213,Proximity_Dist0.008,0.05,0.294819,0.139470,0.294819,0.000000,0.035989
1769695811.4728,1769695811.4714,1769695811.4717,1769695811.4729,0.00,0.00,-0.032085,0.318791,-0.068701,0.285223,-0.083492,0.322817,-0.003291,0.248600,0.065410,Proximity_Dist0.007,0.05,0.265843,0.191105,0.222749,0.265843,0.094151
1769695811.7928,1769695811.7727,1769695811.7746,1769695811.7930,0.00,0.00,-0.083117,0.322818,-0.012352,0.248599,-0.082592,0.300571,-0.040557,0.170629,0.077970,Proximity_Dist0.009,0.11,0.357033,0.116316,0.000000,0.357033,0.008507
1769695812.1529,1769695812.1314,1769695812.1340,1769695812.1530,0.00,0.00,-0.082591,0.300572,-0.040558,0.176470,-0.052189,0.322324,0.027519,0.183781,0.068077,Proximity_Dist0.006,0.04,0.289348,0.000000,0.000000,0.000000,0.289348
1769695812.4722,1769695812.4715,1769695812.4721,1769695812.4723,0.00,0.00,-0.052189,0.322324,0.019586,0.183781,-0.051241,0.318798,-0.002145,0.185161,0.021731,Proximity_Dist0.008,0.03,0.187480,0.000000,0.000000,0.187480,0.000000
1769695812.6925,1769695812.6724,1769695812.6732,1769695812.6929,0.00,0.00,-0.051241,0.318798,0.004798,0.185160,-0.047708,0.355595,-0.003092,0.175612,0.036797,Proximity_Dist0.007,0.39,0.174718,0.000000,0.000000,0.174718,0.000000
1769695812.9122,1769695812.8915,1769695812.8923,1769695812.9123,0.00,0.00,-0.047709,0.346208,-0.003093,0.175612,-0.091747,0.319748,0.016843,0.206274,0.044039,Proximity_Dist0.009,0.04,0.362507,0.000000,0.362507,0.000000,0.000000
1769695813.1925,1769695813.1748,1769695813.1754,1769695813.1932,0.00,0.00,-0.086710,0.321739,0.016842,0.205891,-0.057472,0.337649,0.031708,0.234345,0.029238,Proximity_Dist0.005,0.65,0.307666,0.307666,0.211405,0.000000,0.127887
1769695813.4128,1769695813.3924,1769695813.3942,1769695813.4132,0.00,0.00,-0.065869,0.337013,0.031707,0.230013,-0.073745,0.323039,0.010436,0.194702,0.035311,Proximity_Dist0.008,0.05,0.207141,0.207141,0.068249,0.020577,0.155398
1769695813.6723,1769695813.6573,1769695813.6608,1769695813.6725,0.00,0.00,-0.073745,0.323040,0.010477,0.201623,-0.082541,0.252177,0.020720,0.264376,0.070863,Proximity_Dist0.007,0.06,0.198302,0.000000,0.000000,0.034685,0.198302
1769695814.0126,1769695813.9928,1769695813.9931,1769695814.0127,0.00,0.00,-0.082540,0.257846,0.020721,0.260233,-0.125739,0.372528,0.098199,0.255729,0.114682,Proximity_Dist0.006,0.03,0.216961,0.000000,0.216961,0.000000,0.195675
1769695814.4324,1769695814.4317,1769695814.4321,1769695814.4325,0.00,0.00,-0.125739,0.363627,0.098199,0.255729,0.030862,0.366543,-0.008744,0.190811,0.156601,Proximity_Dist0.009,0.05,0.215543,0.000000,0.215543,0.008874,0.000000
1769695814.9326,1769695814.9122,1769695814.9126,1769695814.9327,0.00,0.00,0.025969,0.366542,-0.008744,0.190812,0.045351,0.356690,0.042353,0.186617,0.051097,Proximity_Dist0.005,0.04,0.266560,0.266560,0.000000,0.000000,0.000000
1769695815.1941,1769695815.1715,1769695815.1721,1769695815.1942,0.00,0.00,0.045351,0.356689,0.034340,0.186618,0.010720,0.321143,0.164529,0.228582,0.130189,Proximity_Dist0.008,0.04,0.308337,0.000000,0.000000,0.308337,0.000000
1769695815.6328,1769695815.6115,1769695815.6128,1769695815.6349,0.00,0.00,0.010720,0.321142,0.157741,0.228582,-0.000343,0.297097,0.113732,0.132685,0.095897,Proximity_Dist0.007,2.06,0.173146,0.000000,0.000000,0.173146,0.000000
1769695816.0125,1769695815.9914,1769695815.9934,1769695816.0126,0.00,0.00,-0.000344,0.297097,0.113733,0.137704,-0.073038,0.249152,0.134840,0.103477,0.072694,Proximity_Dist0.005,0.04,0.289188,0.000000,0.000000,0.000000,0.289188
1769695816.3328,1769695816.3315,1769695816.3325,1769695816.3330,0.00,0.00,-0.063952,0.249527,0.134839,0.103477,-0.009839,0.169378,0.106229,0.089037,0.080149,Proximity_Dist0.009,0.07,0.215035,0.215035,0.060435,0.000000,0.000000
1769695816.6726,1769695816.6514,1769695816.6536,1769695816.6727,0.00,0.00,-0.012420,0.177512,0.106228,0.089038,-0.037656,0.126648,0.034102,0.053168,0.072126,Proximity_Dist0.008,0.04,0.352610,0.217893,0.352610,0.000000,0.000000
1769695817.0120,1769695817.0115,1769695817.0118,1769695817.0121,0.00,0.00,-0.037657,0.126648,0.040874,0.053168,0.036598,0.029752,0.040148,0.002554,0.096897,Proximity_Dist0.007,0.04,0.312389,0.000000,0.032502,0.312389,0.000000
1769695817.3921,1769695817.3916,1769695817.3920,1769695817.3922,0.00,0.00,0.035566,0.038650,0.040148,0.002555,-0.008810,0.013861,0.023002,0.019469,0.044376,Proximity_Dist0.009,0.03,0.217362,0.089314,0.217362,0.000000,0.000000
1769695817.6527,1769695817.6331,1769695817.6341,1769695817.6528,0.00,0.00,0.000058,0.013861,0.023002,0.019469,0.045944,0.021067,0.020089,0.026264,0.045886,Proximity_Dist0.009,0.04,0.270196,0.270196,0.000000,0.000000,0.000000
1769695817.9531,1769695817.9352,1769695817.9370,1769695817.9533,0.00,0.00,0.038006,0.021068,0.020089,0.026264,0.043943,0.019638,0.008829,-0.077860,0.104123,Proximity_Dist0.008,0.05,0.216530,0.216530,0.000000,0.000000,0.000000
1769695818.3521,1769695818.3314,1769695818.3322,1769695818.3522,0.00,0.00,0.043944,0.019638,0.008830,-0.071070,0.024522,-0.118075,-0.013661,-0.134693,0.137713,Proximity_Dist0.007,0.04,0.239246,0.000000,0.000000,0.000000,0.239246
1769695818.7921,1769695818.7716,1769695818.7736,1769695818.7921,0.00,0.00,0.024522,-0.108859,-0.013661,-0.134692,0.126235,-0.081999,-0.051456,-0.096861,0.101714,Proximity_Dist0.009,0.04,0.218406,0.000000,0.218406,0.000000,0.000000
1769695819.1740,1769695819.1531,1769695819.1541,1769695819.1741,0.00,0.00,0.116895,-0.081999,-0.051456,-0.096861,0.108836,-0.107879,0.006400,-0.124196,0.057855,Proximity_Dist0.009,0.04,0.338799,0.338799,0.000000,0.000000,0.000000
1769695819.4922,1769695819.4715,1769695819.4720,1769695819.4923,0.00,0.00,0.108835,-0.107879,0.000686,-0.124196,0.225305,-0.140675,0.002357,-0.128596,0.116470,Proximity_Dist0.006,0.04,0.287152,0.000000,0.000000,0.287152,0.000000
1769695819.9129,1769695819.9115,1769695819.9123,1769695819.9143,0.00,0.00,0.218489,-0.140675,0.002358,-0.128596,0.133290,-0.199260,-0.117986,-0.037876,0.120344,Proximity_Dist0.007,0.43,0.172429,0.172429,0.000000,0.000000,0.000000
1769695820.3341,1769695820.3123,1769695820.3129,1769695820.3343,0.00,0.00,0.133450,-0.199261,-0.112289,-0.037875,0.152166,-0.171186,-0.094336,-0.115201,0.077325,Proximity_Dist0.006,0.05,0.267885,0.083636,0.000000,0.267885,0.048630
1769695820.6730,1769695820.6523,1769695820.6532,1769695820.6735,0.00,0.00,0.152167,-0.171185,-0.094337,-0.108401,0.108799,-0.180824,-0.032214,-0.125895,0.062123,Proximity_Dist0.007,0.04,0.304035,0.000000,0.000000,0.000000,0.304035
1769695820.9921,1769695820.9716,1769695820.9745,1769695820.9922,0.00,0.00,0.109168,-0.180823,-0.038909,-0.125896,0.230179,-0.227073,-0.001315,-0.126719,0.121011,Proximity_Dist0.007,0.04,0.263211,0.090773,0.000000,0.263211,0.000000
1769695821.4325,1769695821.4117,1769695821.4128,1769695821.4327,0.00,0.00,0.225351,-0.227073,-0.001314,-0.126718,0.254258,-0.205713,-0.068305,-0.220483,0.093765,Proximity_Dist0.005,0.05,0.264481,0.264481,0.000000,0.000000,0.000000
1769695821.8131,1769695821.7932,1769695821.7944,1769695821.8135,0.00,0.00,0.254258,-0.205713,-0.067947,-0.213628,0.252264,-0.252425,-0.135837,-0.197443,0.067891,Proximity_Dist0.007,0.32,0.183835,0.000000,0.000000,0.056029,0.183835
1769695822.1345,1769695822.1119,1769695822.1135,1769695822.1346,0.00,0.00,0.252265,-0.251776,-0.127968,-0.197442,0.319691,-0.288872,-0.156994,-0.186739,0.067426,Proximity_Dist0.008,0.10,0.305597,0.000000,0.121582,0.305597,0.000000
1769695822.4528,1769695822.4338,1769695822.4348,1769695822.4529,0.00,0.00,0.310671,-0.288873,-0.156994,-0.186740,0.247151,-0.346335,-0.125570,-0.113132,0.073608,Proximity_Dist0.009,0.05,0.384864,0.384864,0.036274,0.000000,0.000000
1769695822.7921,1769695822.7732,1769695822.7741,1769695822.7922,0.00,0.00,0.255050,-0.343814,-0.125571,-0.121147,0.241647,-0.394303,-0.158790,-0.144277,0.050489,Proximity_Dist0.008,0.04,0.285737,0.281590,0.172119,0.000000,0.285737
1769695823.0728,1769695823.0544,1769695823.0567,1769695823.0729,0.00,0.00,0.241646,-0.388307,-0.158126,-0.144105,0.319570,-0.419246,-0.126246,-0.161333,0.077924,Proximity_Dist0.006,0.05,0.292017,0.000000,0.292017,0.130545,0.093890
1769695823.4131,1769695823.3920,1769695823.3952,1769695823.4195,0.00,0.00,0.312718,-0.419246,-0.126245,-0.161333,0.273759,-0.436331,-0.091193,-0.162810,0.038959,Proximity_Dist0.007,6.38,0.176830,0.176830,0.000000,0.000000,0.000000
1769695823.6927,1769695823.6717,1769695823.6726,1769695823.6934,0.00,0.00,0.278570,-0.436331,-0.092187,-0.162810,0.222542,-0.436331,-0.128151,-0.242968,0.080158,Proximity_Dist0.005,0.50,0.260200,0.260200,0.000000,0.144461,0.000000
1769695824.0142,1769695824.0115,1769695824.0141,1769695824.0199,0.00,0.00,0.222706,-0.436331,-0.128151,-0.234793,0.246894,-0.436331,-0.062673,-0.233732,0.065478,Proximity_Dist0.008,5.62,0.327996,0.087883,0.000000,0.000000,0.327996
1769695824.3325,1769695824.3116,1769695824.3140,1769695824.3340,0.00,0.00,0.246894,-0.436331,-0.072069,-0.233733,0.272085,-0.436331,-0.123948,-0.271435,0.051880,Proximity_Dist0.009,1.39,0.225666,0.000000,0.000000,0.225666,0.000000
1769695824.6330,1769695824.6315,1769695824.6320,1769695824.6331,0.00,0.00,0.272085,-0.436331,-0.114492,-0.271051,0.248017,-0.427398,-0.080091,-0.182652,0.088399,Proximity_Dist0.009,0.04,0.219507,0.000000,0.000000,0.219507,0.060891
1769695825.0124,1769695824.9923,1769695824.9937,1769695825.0144,0.00,0.00,0.248017,-0.427398,-0.080091,-0.188522,0.228761,-0.436331,-0.188367,-0.109461,0.108276,Proximity_Dist0.006,0.51,0.000000,0.000000,0.000000,0.000000,0.000000
1769695825.4126,1769695825.3916,1769695825.3958,1769695825.4139,0.00,0.00,0.228760,-0.436331,-0.181685,-0.109462,0.212381,-0.436331,-0.209981,-0.129051,0.028296,Proximity_Dist0.007,1.24,0.194557,0.000000,0.000000,0.194557,0.009197
1769695825.5930,1769695825.5715,1769695825.5742,1769695825.5935,0.00,0.00,0.216560,-0.436331,-0.201707,-0.122783,0.144443,-0.436331,-0.225692,-0.113296,0.072117,Proximity_Dist0.008,0.42,0.206677,0.206677,0.000000,0.197932,0.181693
1769695825.9325,1769695825.9315,1769695825.9323,1769695825.9335,0.00,0.00,0.149331,-0.436331,-0.225692,-0.113296,0.100442,-0.436331,-0.271951,-0.008128,0.105168,Proximity_Dist0.005,0.90,0.277975,0.277975,0.000000,0.000000,0.000000
1769695826.3130,1769695826.2922,1769695826.2955,1769695826.3135,0.00,0.00,0.100442,-0.436331,-0.271950,-0.017257,0.099289,-0.436331,-0.323082,-0.080856,0.063599,Proximity_Dist0.009,0.45,0.220646,0.000000,0.000000,0.000000,0.220646
1769695826.6740,1769695826.6523,1769695826.6529,1769695826.6741,0.00,0.00,0.099288,-0.436331,-0.323081,-0.076815,0.200231,-0.404601,-0.305117,-0.071383,0.100943,Proximity_Dist0.004,0.04,0.290539,0.000000,0.000000,0.067878,0.290539
1769695827.0338,1769695827.0115,1769695827.0143,1769695827.0339,0.00,0.00,0.190961,-0.404602,-0.305117,-0.071382,0.205028,-0.361607,-0.317398,-0.099062,0.042995,Proximity_Dist0.009,0.04,0.363112,0.363112,0.000000,0.000000,0.000000
1769695827.3127,1769695827.2923,1769695827.2936,1769695827.3129,0.00,0.00,0.205027,-0.367460,-0.317397,-0.098892,0.202996,-0.365970,-0.353806,-0.120777,0.036409,Proximity_Dist0.006,0.07,0.305221,0.000000,0.305221,0.000000,0.099572
1769695827.5321,1769695827.5315,1769695827.5318,1769695827.5322,0.00,0.00,0.202996,-0.365969,-0.344518,-0.119717,0.228685,-0.410550,-0.340693,-0.148864,0.044581,Proximity_Dist0.009,0.04,0.230196,0.000000,0.000000,0.230196,0.093164
1769695827.7920,1769695827.7915,1769695827.7918,1769695827.7921,0.00,0.00,0.227694,-0.401069,-0.340694,-0.147781,0.193876,-0.376839,-0.353404,-0.156028,0.033818,Proximity_Dist0.009,0.03,0.379717,0.153109,0.379717,0.000000,0.167401
1769695828.0321,1769695828.0316,1769695828.0319,1769695828.0322,0.00,0.00,0.201612,-0.382907,-0.353405,-0.156027,0.170542,-0.342701,-0.371120,-0.168950,0.040206,Proximity_Dist0.008,0.04,0.349299,0.349299,0.327750,0.002367,0.000000
1769695828.2732,1769695828.2515,1769695828.2520,1769695828.2734,0.00,0.00,0.172521,-0.349912,-0.370766,-0.168950,0.209799,-0.366969,-0.354428,-0.142687,0.037277,Proximity_Dist0.007,0.04,0.177372,0.098362,0.177372,0.050781,0.000000
1769695828.5126,1769695828.4915,1769695828.4921,1769695828.5151,0.00,0.00,0.200674,-0.365918,-0.354428,-0.144674,0.149709,-0.352409,-0.365037,-0.090423,0.054251,Proximity_Dist0.009,0.07,0.000000,0.000000,0.000000,0.000000,0.000000
1769695828.8156,1769695828.7919,1769695828.7926,1769695828.8157,0.00,0.00,0.158982,-0.352410,-0.365037,-0.095481,0.163705,-0.297534,-0.362137,-0.131626,0.054876,Proximity_Dist0.009,0.05,0.241284,0.241284,0.000000,0.000000,0.187191
1769695829.1127,1769695829.0915,1769695829.0918,1769695829.1128,0.00,0.00,0.163705,-0.306667,-0.362137,-0.129540,0.215784,-0.228361,-0.262851,-0.161330,0.099286,Proximity_Dist0.009,0.04,0.194007,0.000000,0.194007,0.000000,0.104813
1769695829.5122,1769695829.4953,1769695829.4972,1769695829.5124,0.00,0.00,0.215784,-0.228361,-0.268686,-0.161330,0.241332,-0.163200,-0.339801,-0.138248,0.071116,Proximity_Dist0.006,0.04,0.296054,0.000000,0.042921,0.296054,0.000000
1769695829.8534,1769695829.8315,1769695829.8322,1769695829.8535,0.00,0.00,0.241332,-0.165860,-0.331954,-0.138248,0.308810,-0.076107,-0.407133,-0.092441,0.089753,Proximity_Dist0.008,0.04,0.177587,0.000000,0.112973,0.177587,0.000000
1769695830.2121,1769695830.1915,1769695830.1963,1769695830.2127,0.00,0.00,0.306844,-0.085104,-0.405171,-0.092441,0.290362,-0.028404,-0.436331,-0.056659,0.056700,Proximity_Dist0.009,0.47,0.359944,0.196032,0.359944,0.195606,0.008181
1769695830.5154,1769695830.4915,1769695830.4941,1769695830.5172,0.00,0.00,0.290362,-0.036520,-0.435684,-0.059255,0.243395,-0.075518,-0.436331,-0.076895,0.046967,Proximity_Dist0.008,1.76,0.166147,0.000000,0.166147,0.057575,0.099768
1769695830.7721,1769695830.7514,1769695830.7520,1769695830.7732,0.00,0.00,0.252568,-0.066316,-0.436331,-0.076896,0.264506,-0.063715,-0.436331,-0.020465,0.056431,Proximity_Dist0.009,1.03,0.278685,0.277808,0.278685,0.000000,0.017823
1769695831.0725,1769695831.0715,1769695831.0723,1769695831.0792,0.00,0.00,0.264506,-0.063715,-0.436331,-0.028646,0.221555,-0.075714,-0.436331,-0.043542,0.042951,Proximity_Dist0.008,6.65,0.346563,0.000000,0.000000,0.000000,0.346563
1769695831.3344,1769695831.3124,1769695831.3148,1769695831.3352,0.00,0.00,0.228416,-0.075714,-0.436331,-0.043503,0.216690,-0.038821,-0.436331,-0.055100,0.036893,Proximity_Dist0.007,0.74,0.309831,0.309831,0.000000,0.000000,0.068805
1769695831.5940,1769695831.5717,1769695831.5781,1769695831.5947,0.00,0.00,0.216690,-0.043883,-0.436331,-0.055100,0.280260,-0.036312,-0.436331,-0.060730,0.063571,Proximity_Dist0.005,0.60,0.298909,0.000000,0.298909,0.000000,0.000000
1769695831.9123,1769695831.8914,1769695831.8921,1769695831.9144,0.00,0.00,0.273408,-0.036312,-0.436331,-0.060730,0.227441,-0.028371,-0.436331,-0.048800,0.045967,Proximity_Dist0.007,1.96,0.242556,0.242556,0.000000,0.000000,0.000000
1769695832.1927,1769695832.1721,1769695832.1744,1769695832.1941,0.00,0.00,0.234582,-0.028370,-0.436331,-0.048799,0.263728,-0.032574,-0.436331,-0.073240,0.029146,Proximity_Dist0.007,1.35,0.178863,0.178863,0.000000,0.000000,0.000000
1769695832.4322,1769695832.4114,1769695832.4128,1769695832.4326,0.00,0.00,0.257804,-0.032575,-0.436331,-0.072563,0.278333,-0.079394,-0.436331,-0.072987,0.046820,Proximity_Dist0.006,0.42,0.300298,0.300298,0.000000,0.000000,0.138352
1769695832.6921,1769695832.6721,1769695832.6743,1769695832.6922,0.00,0.00,0.278333,-0.072526,-0.436331,-0.072986,0.225894,-0.113181,-0.427615,0.000130,0.073116,Proximity_Dist0.007,0.04,0.348949,0.000000,0.348949,0.000000,0.000000
1769695833.0326,1769695833.0121,1769695833.0135,1769695833.0328,0.00,0.00,0.226062,-0.113181,-0.427616,-0.005718,0.219556,-0.081453,-0.337742,0.091536,0.097254,Proximity_Dist0.006,0.05,0.305502,0.097915,0.000000,0.000000,0.305502
1769695833.4121,1769695833.3916,1769695833.3926,1769695833.4133,0.00,0.00,0.219557,-0.081453,-0.341869,0.085843,0.245876,-0.030962,-0.270988,0.129438,0.070881,Proximity_Dist0.006,1.15,0.287712,0.000000,0.000000,0.258878,0.287712
1769695833.7325,1769695833.7117,1769695833.7123,1769695833.7326,0.00,0.00,0.245875,-0.031972,-0.277696,0.129437,0.227202,0.030663,-0.278212,0.073099,0.062635,Proximity_Dist0.007,0.04,0.301480,0.000000,0.148470,0.301480,0.008424
1769695834.0525,1769695834.0317,1769695834.0325,1769695834.0529,0.00,0.00,0.227202,0.025004,-0.278212,0.075765,0.249464,-0.019023,-0.281848,0.077831,0.044028,Proximity_Dist0.006,0.04,0.215095,0.000000,0.215095,0.000000,0.162899
1769695834.3322,1769695834.3137,1769695834.3206,1769695834.3330,0.00,0.00,0.249463,-0.011233,-0.281848,0.077831,0.346680,-0.021203,-0.285515,0.102269,0.097216,Proximity_Dist0.008,0.68,0.193283,0.000000,0.193283,0.000000,0.000000
1769695834.7330,1769695834.7118,1769695834.7134,1769695834.7331,0.00,0.00,0.341879,-0.021204,-0.285515,0.102269,0.331349,-0.100368,-0.328144,0.094319,0.079164,Proximity_Dist0.005,0.04,0.268443,0.268443,0.000000,0.000000,0.000000
1769695835.0520,1769695835.0315,1769695835.0327,1769695835.0521,0.00,0.00,0.331349,-0.091101,-0.328145,0.094319,0.263513,-0.143582,-0.383439,0.088947,0.067836,Proximity_Dist0.009,0.04,0.368116,0.000000,0.368116,0.032924,0.000000
1769695835.3926,1769695835.3720,1769695835.3746,1769695835.3927,0.00,0.00,0.270329,-0.143540,-0.381436,0.088947,0.236669,-0.079312,-0.306926,0.084794,0.074510,Proximity_Dist0.007,0.04,0.172166,0.172166,0.030062,0.102348,0.000000
1769695835.7328,1769695835.7127,1769695835.7132,1769695835.7329,0.00,0.00,0.236668,-0.081935,-0.314729,0.084793,0.291082,-0.062961,-0.325784,0.026247,0.058546,Proximity_Dist0.008,0.04,0.257131,0.000000,0.165467,0.257131,0.000000
1769695836.0321,1769695836.0184,1769695836.0198,1769695836.0322,0.00,0.00,0.284279,-0.062961,-0.325783,0.035281,0.280950,-0.081353,-0.343014,-0.001034,0.036315,Proximity_Dist0.009,0.04,0.227332,0.200225,0.000000,0.000000,0.227332
1769695836.2522,1769695836.2318,1769695836.2344,1769695836.2523,0.00,0.00,0.280951,-0.079882,-0.342311,0.005029,0.299403,-0.092946,-0.391853,0.002209,0.049542,Proximity_Dist0.006,0.04,0.303733,0.018745,0.172864,0.142173,0.303733
1769695836.5128,1769695836.5114,1769695836.5118,1769695836.5129,0.00,0.00,0.299403,-0.092946,-0.383543,0.002208,0.327358,-0.098687,-0.404509,-0.029554,0.031762,Proximity_Dist0.008,0.04,0.339251,0.001989,0.000000,0.339251,0.000000
1769695836.7524,1769695836.7319,1769695836.7325,1769695836.7525,0.00,0.00,0.323863,-0.098686,-0.404510,-0.022844,0.299842,-0.134862,-0.371313,-0.007536,0.036176,Proximity_Dist0.007,0.04,0.171833,0.135207,0.000000,0.000000,0.171833
1769695836.9920,1769695836.9915,1769695836.9918,1769695836.9921,0.00,0.00,0.300904,-0.129899,-0.374675,-0.007579,0.289553,-0.119669,-0.333777,0.044400,0.051980,Proximity_Dist0.005,0.04,0.300204,0.172661,0.300204,0.258722,0.081602
1769695837.2529,1769695837.2314,1769695837.2341,1769695837.2531,0.00,0.00,0.289552,-0.119669,-0.335862,0.035052,0.319964,-0.164287,-0.337874,0.096207,0.061154,Proximity_Dist0.009,0.04,0.202195,0.000000,0.000000,0.106690,0.202195
1769695837.5326,1769695837.5121,1769695837.5158,1769695837.5327,0.00,0.00,0.319585,-0.159185,-0.337875,0.086881,0.340302,-0.212950,-0.375045,0.018922,0.067959,Proximity_Dist0.009,0.04,0.365497,0.116751,0.286917,0.000000,0.365497
1769695837.8920,1769695837.8721,1769695837.8741,1769695837.8930,0.00,0.00,0.340303,-0.212949,-0.375045,0.024711,0.377590,-0.267544,-0.436331,-0.027861,0.061285,Proximity_Dist0.006,0.92,0.315066,0.000000,0.020543,0.000000,0.315066
1769695838.1932,1769695838.1720,1769695838.1752,1769695838.1939,0.00,0.00,0.377421,-0.261730,-0.428092,-0.025262,0.362637,-0.263547,-0.436331,-0.005080,0.020182,Proximity_Dist0.008,0.68,0.187007,0.042470,0.156473,0.187007,0.110732
1769695838.3960,1769695838.3716,1769695838.3728,1769695838.3971,0.00,0.00,0.363345,-0.263546,-0.436331,-0.010756,0.393134,-0.303749,-0.436331,-0.067030,0.056274,Proximity_Dist0.006,0.97,0.238597,0.120053,0.000000,0.000000,0.238597
1769695838.6934,1769695838.6724,1769695838.6733,1769695838.6941,0.00,0.00,0.393134,-0.303375,-0.436331,-0.058140,0.407343,-0.290002,-0.436331,-0.089533,0.031393,Proximity_Dist0.009,0.62,0.261059,0.002052,0.080713,0.000000,0.261059
1769695838.8930,1769695838.8714,1769695838.8724,1769695838.8935,0.00,0.00,0.405283,-0.291995,-0.436331,-0.082105,0.435069,-0.278712,-0.436331,-0.115294,0.033188,Proximity_Dist0.007,0.39,0.186907,0.104790,0.101379,0.000000,0.186907
1769695839.0926,1769695839.0915,1769695839.0923,1769695839.1004,0.00,0.00,0.426682,-0.278712,-0.436331,-0.107502,0.434743,-0.259622,-0.436331,-0.127800,0.020299,Proximity_Dist0.008,7.64,0.211145,0.211145,0.022280,0.000000,0.196165
1769695839.2525,1769695839.2400,1769695839.2414,1769695839.2536,0.00,0.00,0.434744,-0.269166,-0.436331,-0.123457,0.413849,-0.282747,-0.436331,-0.076852,0.046606,Proximity_Dist0.010,0.69,0.194792,0.000000,0.194792,0.000000,0.156673
1769695839.5531,1769695839.5314,1769695839.5321,1769695839.5601,0.00,0.00,0.413849,-0.282747,-0.436331,-0.086023,0.468296,-0.288718,-0.436331,-0.100275,0.054447,Proximity_Dist0.009,6.95,0.194195,0.000000,0.007702,0.000000,0.194195
1769695839.8547,1769695839.8318,1769695839.8349,1769695839.8548,0.00,0.00,0.461490,-0.288718,-0.436331,-0.100274,0.491764,-0.339356,-0.426568,-0.130422,0.050639,Proximity_Dist0.007,0.04,0.288289,0.288289,0.000000,0.000000,0.000000
1769695840.1337,1769695840.1121,1769695840.1134,1769695840.1338,0.00,0.00,0.491764,-0.330242,-0.426567,-0.130046,0.455375,-0.376264,-0.339178,-0.132604,0.087389,Proximity_Dist0.009,0.04,0.187454,0.007591,0.187454,0.000000,0.052693
1769695840.5132,1769695840.4922,1769695840.4955,1769695840.5150,0.00,0.00,0.455376,-0.376263,-0.348206,-0.132603,0.473848,-0.436331,-0.301270,-0.085391,0.060067,Proximity_Dist0.009,1.59,0.213637,0.000000,0.000000,0.213637,0.000000
1769695840.8327,1769695840.8125,1769695840.8133,1769695840.8334,0.00,0.00,0.473848,-0.431346,-0.301270,-0.086417,0.390902,-0.436331,-0.377873,-0.114932,0.082946,Proximity_Dist0.005,0.60,0.269412,0.000000,0.269412,0.033311,0.148887
1769695841.1730,1769695841.1515,1769695841.1538,1769695841.1766,0.00,0.00,0.400016,-0.436331,-0.371137,-0.114932,0.308591,-0.436331,-0.326040,-0.136941,0.091424,Proximity_Dist0.009,3.47,0.263124,0.263124,0.000000,0.228471,0.000000
1769695841.5325,1769695841.5317,1769695841.5323,1769695841.5344,0.00,0.00,0.316469,-0.436331,-0.326040,-0.136940,0.349585,-0.436331,-0.332292,-0.171883,0.034942,Proximity_Dist0.008,1.90,0.354075,0.354075,0.000000,0.055350,0.000000
1769695841.7936,1769695841.7715,1769695841.7735,1769695841.7941,0.00,0.00,0.342427,-0.436331,-0.332291,-0.167088,0.358755,-0.436331,-0.327493,-0.092632,0.074456,Proximity_Dist0.007,0.44,0.171853,0.171853,0.000000,0.000000,0.138593
1769695842.1322,1769695842.1315,1769695842.1319,1769695842.1323,0.00,0.00,0.358754,-0.436331,-0.327494,-0.099600,0.330933,-0.431204,-0.385035,-0.066786,0.057541,Proximity_Dist0.007,0.04,0.272121,0.000000,0.000000,0.000000,0.272121
1769695842.4340,1769695842.4133,1769695842.4152,1769695842.4345,0.00,0.00,0.330932,-0.431205,-0.378366,-0.066785,0.332562,-0.436331,-0.433926,-0.131662,0.064877,Proximity_Dist0.007,0.42,0.235275,0.000000,0.000000,0.235275,0.000000
1769695842.7542,1769695842.7315,1769695842.7319,1769695842.7544,0.00,0.00,0.332562,-0.436331,-0.433544,-0.126656,0.385689,-0.365888,-0.362419,-0.116106,0.071125,Proximity_Dist0.005,0.04,0.251425,0.000000,0.000000,0.105065,0.251425
1769695843.0726,1769695843.0537,1769695843.0562,1769695843.0745,0.00,0.00,0.383764,-0.372965,-0.371358,-0.116106,0.361661,-0.373556,-0.397181,-0.212145,0.096039,Proximity_Dist0.009,0.05,0.000000,0.000000,0.000000,0.000000,0.000000
1769695843.4524,1769695843.4323,1769695843.4334,1769695843.4525,0.00,0.00,0.361660,-0.373556,-0.397181,-0.204003,0.386374,-0.344501,-0.399735,-0.222448,0.029055,Proximity_Dist0.008,0.04,0.275953,0.000000,0.000000,0.000000,0.275953
1769695843.6721,1769695843.6521,1769695843.6526,1769695843.6722,0.00,0.00,0.382098,-0.352388,-0.399735,-0.222447,0.425843,-0.427752,-0.431201,-0.284282,0.075364,Proximity_Dist0.008,0.04,0.257437,0.205136,0.257437,0.000000,0.008510
1769695844.0330,1769695844.0116,1769695844.0137,1769695844.0336,0.00,0.00,0.425843,-0.420882,-0.431201,-0.283297,0.467186,-0.429809,-0.436331,-0.260958,0.041343,Proximity_Dist0.007,0.51,0.174543,0.000000,0.174543,0.000000,0.075905
1769695844.2738,1769695844.2539,1769695844.2580,1769695844.2775,0.00,0.00,0.457576,-0.429810,-0.436331,-0.261967,0.499266,-0.429071,-0.436331,-0.247921,0.041690,Proximity_Dist0.010,3.64,0.196516,0.196516,0.000000,0.000000,0.073145
1769695844.5130,1769695844.4915,1769695844.4922,1769695844.5147,0.00,0.00,0.493491,-0.429072,-0.436331,-0.247921,0.489380,-0.436331,-0.423071,-0.278719,0.030798,Proximity_Dist0.006,1.66,0.281425,0.281425,0.000000,0.000000,0.002191
1769695844.7335,1769695844.7115,1769695844.7131,1769695844.7359,0.00,0.00,0.489380,-0.436331,-0.423071,-0.272576,0.484184,-0.436331,-0.436331,-0.345752,0.073176,Proximity_Dist0.006,2.40,0.223461,0.000000,0.000000,0.008614,0.223461
1769695845.0535,1769695845.0321,1769695845.0340,1769695845.0560,0.00,0.00,0.484184,-0.436331,-0.436331,-0.340014,0.481719,-0.436331,-0.436331,-0.234972,0.105042,Proximity_Dist0.006,2.35,0.217811,0.000000,0.000000,0.000000,0.217811
1769695845.4524,1769695845.4516,1769695845.4522,1769695845.4539,0.00,0.00,0.481720,-0.436331,-0.436331,-0.241810,0.494971,-0.436331,-0.436331,-0.231580,0.013252,Proximity_Dist0.007,1.48,0.310026,0.000000,0.000000,0.000000,0.310026
1769695845.5922,1769695845.5715,1769695845.5757,1769695845.5927,0.00,0.00,0.486321,-0.436331,-0.436331,-0.232334,0.467073,-0.436331,-0.436331,-0.199699,0.032636,Proximity_Dist0.009,0.45,0.121349,0.121349,0.000000,0.000000,0.048710
1769695845.8328,1769695845.8115,1769695845.8142,1769695845.8338,0.00,0.00,0.469828,-0.436331,-0.436331,-0.205438,0.468584,-0.433585,-0.420709,-0.172599,0.032839,Proximity_Dist0.006,0.05,0.290903,0.227578,0.000000,0.000000,0.290903
1769695846.0337,1769695846.0119,1769695846.0205,1769695846.0358,0.00,0.00,0.468584,-0.433585,-0.422144,-0.180796,0.464026,-0.391537,-0.436331,-0.127475,0.053321,Proximity_Dist0.008,1.99,0.283709,0.000000,0.000000,0.130806,0.283709
1769695846.2923,1769695846.2735,1769695846.2793,1769695846.2971,0.00,0.00,0.464025,-0.398253,-0.436331,-0.134683,0.454531,-0.362203,-0.436331,-0.165235,0.036050,Proximity_Dist0.007,4.19,0.280857,0.000000,0.261716,0.000000,0.280857
1769695846.5323,1769695846.5135,1769695846.5192,1769695846.5335,0.00,0.00,0.454531,-0.365494,-0.436331,-0.158000,0.401437,-0.370839,-0.398529,-0.169609,0.053094,Proximity_Dist0.007,1.08,0.328849,0.000000,0.231541,0.000000,0.328849
1769695846.8137,1769695846.7937,1769695846.7968,1769695846.8148,0.00,0.00,0.409133,-0.370839,-0.399214,-0.169609,0.412985,-0.436331,-0.426887,-0.223425,0.065492,Proximity_Dist0.008,0.89,0.340453,0.340453,0.000000,0.146373,0.000000
1769695847.1321,1769695847.1115,1769695847.1151,1769695847.1340,0.00,0.00,0.412985,-0.428144,-0.426887,-0.219444,0.426913,-0.436331,-0.436331,-0.107849,0.111595,Proximity_Dist0.008,1.83,0.201416,0.000000,0.201416,0.000000,0.142413
1769695847.5523,1769695847.5321,1769695847.5346,1769695847.5556,0.00,0.00,0.426913,-0.436331,-0.436331,-0.114612,0.448883,-0.436331,-0.340378,-0.102919,0.095953,Proximity_Dist0.007,3.18,0.190829,0.000000,0.000000,0.000000,0.190829
1769695847.9125,1769695847.8919,1769695847.8946,1769695847.9136,0.00,0.00,0.448883,-0.436331,-0.349716,-0.102919,0.430260,-0.436331,-0.350393,-0.048173,0.054746,Proximity_Dist0.009,0.90,0.370327,0.000000,0.000000,0.370327,0.000000
1769695848.2122,1769695848.1916,1769695848.1958,1769695848.2136,0.00,0.00,0.430260,-0.436331,-0.350392,-0.056109,0.495358,-0.436331,-0.331656,-0.044135,0.065098,Proximity_Dist0.008,0.96,0.190069,0.000000,0.000000,0.000000,0.190069
1769695848.5321,1769695848.5122,1769695848.5152,1769695848.5326,0.00,0.00,0.487220,-0.436331,-0.331656,-0.044136,0.424693,-0.436331,-0.294561,-0.072507,0.062528,Proximity_Dist0.008,0.40,0.216324,0.216324,0.000000,0.000000,0.000000
1769695848.8533,1769695848.8315,1769695848.8341,1769695848.8538,0.00,0.00,0.431793,-0.436331,-0.294561,-0.072506,0.470442,-0.436331,-0.271105,0.026734,0.099240,Proximity_Dist0.007,0.42,0.249073,0.249073,0.000000,0.002078,0.000000
1769695849.2523,1769695849.2331,1769695849.2340,1769695849.2538,0.00,0.00,0.470441,-0.436331,-0.271104,0.021832,0.452017,-0.436331,-0.286551,-0.007166,0.028998,Proximity_Dist0.005,1.15,0.288289,0.000000,0.000000,0.000000,0.288289
1769695849.4728,1769695849.4715,1769695849.4725,1769695849.4755,0.00,0.00,0.452386,-0.436331,-0.286512,-0.000005,0.412365,-0.436331,-0.301359,0.076892,0.076897,Proximity_Dist0.007,2.60,0.177895,0.053342,0.000000,0.028524,0.177895
1769695849.8173,1769695849.7925,1769695849.7937,1769695849.8185,0.00,0.00,0.412365,-0.436331,-0.301359,0.067657,0.351829,-0.436331,-0.209259,0.084768,0.092100,Proximity_Dist0.009,0.99,0.296247,0.000000,0.000000,0.000000,0.296247
1769695850.1924,1769695850.1725,1769695850.1734,1769695850.1927,0.00,0.00,0.351870,-0.436331,-0.218223,0.084767,0.272640,-0.424118,-0.276098,0.116190,0.079230,Proximity_Dist0.009,0.28,0.272433,0.050110,0.000000,0.272433,0.000000
1769695850.5522,1769695850.5321,1769695850.5335,1769695850.5529,0.00,0.00,0.279603,-0.424118,-0.272880,0.116190,0.198555,-0.436331,-0.272171,0.105556,0.081047,Proximity_Dist0.007,0.64,0.187155,0.187155,0.000000,0.130712,0.000000
1769695850.8751,1769695850.8514,1769695850.8543,1769695850.8755,0.00,0.00,0.206623,-0.436331,-0.272170,0.105556,0.135324,-0.436331,-0.190376,0.057083,0.081794,Proximity_Dist0.008,0.41,0.295229,0.295229,0.000000,0.000000,0.000000
1769695851.2321,1769695851.2118,1769695851.2135,1769695851.2322,0.00,0.00,0.136776,-0.436331,-0.198203,0.057083,0.147209,-0.407514,-0.165526,0.039304,0.032677,Proximity_Dist0.008,0.04,0.197640,0.096560,0.000000,0.197640,0.002239
1769695851.4524,1769695851.4316,1769695851.4320,1769695851.4525,0.00,0.00,0.147208,-0.413261,-0.168278,0.039937,0.134383,-0.370856,-0.151370,0.022135,0.042405,Proximity_Dist0.006,0.04,0.285977,0.018351,0.285977,0.223052,0.126891
1769695851.6776,1769695851.6514,1769695851.6521,1769695851.6777,0.00,0.00,0.134383,-0.379002,-0.151371,0.022134,0.053276,-0.354966,-0.117868,0.005283,0.081107,Proximity_Dist0.008,0.04,0.334316,0.007023,0.334316,0.026424,0.062178
1769695852.0327,1769695852.0118,1769695852.0129,1769695852.0328,0.00,0.00,0.062187,-0.354965,-0.117869,0.005283,-0.049873,-0.318311,-0.084853,-0.048015,0.112059,Proximity_Dist0.009,0.04,0.267519,0.267519,0.000000,0.000000,0.000000
1769695852.4321,1769695852.4117,1769695852.4146,1769695852.4322,0.00,0.00,-0.043147,-0.318311,-0.084853,-0.048016,-0.018984,-0.355451,-0.125255,-0.052500,0.040403,Proximity_Dist0.007,0.04,0.308519,0.308519,0.000000,0.000000,0.000000
1769695852.6723,1769695852.6516,1769695852.6521,1769695852.6724,0.00,0.00,-0.022449,-0.348334,-0.115864,-0.052501,-0.059275,-0.346168,-0.142971,-0.073858,0.036826,Proximity_Dist0.009,0.04,0.284757,0.188864,0.253480,0.284757,0.000000
1769695852.9324,1769695852.9315,1769695852.9319,1769695852.9326,0.00,0.00,-0.051117,-0.346167,-0.142972,-0.073692,-0.035764,-0.322794,-0.198326,-0.055463,0.055353,Proximity_Dist0.008,0.14,0.190718,0.190718,0.000000,0.017458,0.043160
1769695853.2344,1769695853.2115,1769695853.2126,1769695853.2345,0.00,0.00,-0.035764,-0.322793,-0.192430,-0.055463,0.012359,-0.318328,-0.171317,-0.002457,0.053006,Proximity_Dist0.006,0.05,0.266692,0.000000,0.000000,0.266692,0.000000
1769695853.4930,1769695853.4716,1769695853.4727,1769695853.4931,0.00,0.00,0.005299,-0.318327,-0.171358,-0.011998,0.015355,-0.354023,-0.162782,-0.020951,0.035696,Proximity_Dist0.010,0.04,0.357275,0.311729,0.000000,0.070235,0.357275
1769695853.7342,1769695853.7118,1769695853.7139,1769695853.7344,0.00,0.00,0.015355,-0.346090,-0.162782,-0.020787,-0.015673,-0.327869,-0.139452,0.022527,0.043314,Proximity_Dist0.008,0.04,0.311436,0.000000,0.311436,0.000000,0.086250
1769695854.0039,1769695853.9721,1769695853.9743,1769695854.0041,0.00,0.00,-0.014599,-0.328232,-0.139492,0.015582,-0.082661,-0.357217,-0.173442,0.052472,0.068063,Proximity_Dist0.007,0.05,0.263212,0.137631,0.096942,0.064632,0.263212
1769695854.3329,1769695854.3114,1769695854.3131,1769695854.3330,0.00,0.00,-0.076926,-0.357217,-0.173442,0.052472,-0.114512,-0.370315,-0.111844,0.010203,0.061598,Proximity_Dist0.006,0.04,0.213257,0.213257,0.000000,0.000000,0.000000
1769695854.6558,1769695854.6514,1769695854.6555,1769695854.6561,0.00,0.00,-0.114511,-0.370315,-0.117501,0.010363,-0.179171,-0.423661,-0.097837,0.008876,0.064660,Proximity_Dist0.006,0.07,0.239887,0.001677,0.000000,0.239887,0.075711
1769695854.9533,1769695854.9314,1769695854.9332,1769695854.9534,0.00,0.00,-0.169892,-0.418887,-0.097838,0.008877,-0.177569,-0.363314,-0.069142,-0.055955,0.064832,Proximity_Dist0.009,0.04,0.200957,0.200957,0.145670,0.000000,0.000000
1769695855.2721,1769695855.2715,1769695855.2719,1769695855.2722,0.00,0.00,-0.177570,-0.368323,-0.069141,-0.048968,-0.185137,-0.345339,-0.050695,-0.075125,0.026158,Proximity_Dist0.007,0.03,0.262611,0.000000,0.227833,0.000000,0.262611
1769695855.4329,1769695855.4115,1769695855.4118,1769695855.4330,0.00,0.00,-0.184717,-0.354327,-0.059918,-0.065541,-0.164745,-0.346290,0.020348,-0.092261,0.080266,Proximity_Dist0.010,0.04,0.164330,0.122355,0.154082,0.158122,0.164330
1769695855.7721,1769695855.7514,1769695855.7556,1769695855.7722,0.00,0.00,-0.164745,-0.346289,0.011467,-0.092262,-0.211222,-0.284680,-0.100475,-0.040967,0.111941,Proximity_Dist0.009,0.04,0.197391,0.000000,0.000000,0.197391,0.000000
1769695856.2130,1769695856.1922,1769695856.1928,1769695856.2131,0.00,0.00,-0.211221,-0.284681,-0.094756,-0.040966,-0.304674,-0.250372,-0.122383,-0.084638,0.093452,Proximity_Dist0.006,0.05,0.282078,0.000000,0.000000,0.282078,0.000000
1769695856.5942,1769695856.5915,1769695856.5940,1769695856.5943,0.00,0.00,-0.297842,-0.250373,-0.122384,-0.084638,-0.460768,-0.272535,-0.172299,-0.123470,0.162925,Proximity_Dist0.007,0.04,0.160979,0.160979,0.000000,0.000000,0.000000
1769695857.0752,1769695857.0514,1769695857.0542,1769695857.0753,0.00,0.00,-0.454962,-0.272535,-0.172299,-0.123470,-0.374336,-0.249248,-0.180743,-0.142502,0.080626,Proximity_Dist0.006,0.06,0.195375,0.195375,0.000000,0.000000,0.000000
1769695857.4321,1769695857.4315,1769695857.4319,1769695857.4321,0.00,0.00,-0.382114,-0.249249,-0.180743,-0.142503,-0.377983,-0.232380,-0.142463,-0.159818,0.038279,Proximity_Dist0.008,0.04,0.200496,0.200496,0.000000,0.000000,0.000000
1769695857.6938,1769695857.6715,1769695857.6732,1769695857.6939,0.00,0.00,-0.377982,-0.232380,-0.148159,-0.159818,-0.455591,-0.277880,-0.167654,-0.204033,0.077608,Proximity_Dist0.006,0.09,0.276229,0.000000,0.002073,0.276229,0.002128
1769695858.0323,1769695858.0315,1769695858.0322,1769695858.0324,0.00,0.00,-0.448766,-0.277881,-0.167653,-0.204032,-0.498042,-0.278577,-0.154213,-0.126602,0.077431,Proximity_Dist0.007,0.03,0.180023,0.180023,0.008096,0.000000,0.000000
1769695858.3721,1769695858.3515,1769695858.3527,1769695858.3722,0.00,0.00,-0.498042,-0.278577,-0.154212,-0.134499,-0.447488,-0.207629,-0.154246,-0.123391,0.070949,Proximity_Dist0.008,0.04,0.187183,0.002005,0.000000,0.000000,0.187183
1769695858.7154,1769695858.6951,1769695858.6961,1769695858.7155,0.00,0.00,-0.447852,-0.214289,-0.154212,-0.123391,-0.351404,-0.173002,-0.180712,-0.048776,0.096449,Proximity_Dist0.007,0.04,0.310526,0.113056,0.310526,0.000000,0.000000
1769695859.0942,1769695859.0915,1769695859.0940,1769695859.0942,0.00,0.00,-0.359549,-0.173002,-0.180711,-0.050267,-0.380010,-0.272588,-0.149806,-0.018133,0.099586,Proximity_Dist0.008,0.03,0.181063,0.181063,0.000000,0.000000,0.087388
1769695859.4741,1769695859.4521,1769695859.4551,1769695859.4742,0.00,0.00,-0.380009,-0.263443,-0.149807,-0.018134,-0.427735,-0.332384,-0.084583,-0.034531,0.068941,Proximity_Dist0.009,0.04,0.205691,0.000000,0.205691,0.000000,0.000000
1769695859.7920,1769695859.7915,1769695859.7918,1769695859.7921,0.00,0.00,-0.426243,-0.326478,-0.092737,-0.034531,-0.404649,-0.318435,-0.030454,-0.061460,0.062283,Proximity_Dist0.008,0.03,0.194802,0.093880,0.167282,0.194802,0.000000
1769695860.0932,1769695860.0740,1769695860.0768,1769695860.0933,0.00,0.00,-0.404649,-0.318435,-0.035299,-0.061460,-0.389640,-0.343202,-0.001651,-0.087770,0.033648,Proximity_Dist0.005,0.04,0.325972,0.000000,0.000000,0.325972,0.000000
1769695860.2920,1769695860.2723,1769695860.2750,1769695860.2921,0.00,0.00,-0.390039,-0.338017,-0.010627,-0.080908,-0.409449,-0.342737,-0.040806,-0.080124,0.030179,Proximity_Dist0.009,0.04,0.224531,0.068165,0.182697,0.224531,0.200812
1769695860.5550,1769695860.5322,1769695860.5336,1769695860.5551,0.00,0.00,-0.409449,-0.342737,-0.034981,-0.080125,-0.441871,-0.327719,0.010665,-0.065652,0.045646,Proximity_Dist0.006,0.04,0.262160,0.017709,0.000000,0.262160,0.000000
1769695860.8331,1769695860.8115,1769695860.8140,1769695860.8332,0.00,0.00,-0.441507,-0.327719,0.003707,-0.065652,-0.377563,-0.300314,0.004169,-0.074963,0.063944,Proximity_Dist0.007,0.04,0.170588,0.052107,0.000000,0.170588,0.000000
1769695861.1548,1769695861.1315,1769695861.1374,1769695861.1549,0.00,0.00,-0.383469,-0.300314,0.004168,-0.074964,-0.434020,-0.320617,-0.065834,-0.098903,0.070002,Proximity_Dist0.006,0.04,0.260550,0.260550,0.000000,0.000000,0.000000
1769695861.4724,1769695861.4518,1769695861.4535,1769695861.4726,0.00,0.00,-0.432516,-0.320617,-0.059841,-0.098903,-0.500000,-0.380214,-0.053897,-0.069181,0.067484,Proximity_Dist0.006,0.04,0.314029,0.184703,0.000000,0.314029,0.000000
1769695861.7930,1769695861.7716,1769695861.7720,1769695861.7932,0.00,0.00,-0.494909,-0.376904,-0.053898,-0.069181,-0.433039,-0.400247,-0.051920,-0.025301,0.061870,Proximity_Dist0.005,0.04,0.272351,0.272351,0.225370,0.000000,0.000000
1769695862.1138,1769695862.0915,1769695862.0925,1769695862.1139,0.00,0.00,-0.437856,-0.400248,-0.051920,-0.025302,-0.468924,-0.381836,0.017917,-0.040155,0.069837,Proximity_Dist0.005,0.04,0.249767,0.249767,0.000000,0.000000,0.030839
1769695862.4121,1769695862.3921,1769695862.3928,1769695862.4122,0.00,0.00,-0.468925,-0.381836,0.008575,-0.040155,-0.473883,-0.408988,0.017843,-0.000560,0.039595,Proximity_Dist0.009,0.04,0.365804,0.032773,0.000000,0.365804,0.000000
1769695862.6749,1769695862.6514,1769695862.6521,1769695862.6814,0.00,0.00,-0.473883,-0.407941,0.017918,-0.007473,-0.470916,-0.436331,0.088440,0.029626,0.070522,Proximity_Dist0.007,6.37,0.279943,0.000000,0.138761,0.000000,0.279943
1769695862.9921,1769695862.9722,1769695862.9730,1769695862.9926,0.00,0.00,-0.470916,-0.436331,0.079006,0.029625,-0.423977,-0.436331,0.079654,0.069967,0.046939,Proximity_Dist0.009,0.39,0.207811,0.000000,0.000000,0.207811,0.000000
1769695863.2743,1769695863.2515,1769695863.2524,1769695863.2744,0.00,0.00,-0.431963,-0.436331,0.079655,0.065799,-0.488331,-0.364628,0.132141,0.046259,0.071702,Proximity_Dist0.008,0.07,0.172005,0.172005,0.000000,0.000000,0.130528
1769695863.6134,1769695863.5915,1769695863.5934,1769695863.6135,0.00,0.00,-0.485704,-0.370365,0.131973,0.046260,-0.475458,-0.356401,0.131172,0.064159,0.017899,Proximity_Dist0.006,0.04,0.271429,0.202511,0.271429,0.088792,0.000000
1769695863.7729,1769695863.7515,1769695863.7526,1769695863.7730,0.00,0.00,-0.479079,-0.357428,0.131172,0.055210,-0.448838,-0.379103,0.168994,0.063443,0.037822,Proximity_Dist0.009,0.04,0.137033,0.137033,0.078097,0.000000,0.056141
1769695864.0324,1769695864.0115,1769695864.0119,1769695864.0326,0.00,0.00,-0.450318,-0.378475,0.162820,0.063443,-0.477038,-0.404583,0.164494,0.102759,0.039316,Proximity_Dist0.006,0.05,0.236473,0.129445,0.092828,0.236473,0.000000
1769695864.2722,1769695864.2714,1769695864.2720,1769695864.2722,0.00,0.00,-0.474906,-0.402656,0.164494,0.093621,-0.412789,-0.397363,0.097051,0.054802,0.067443,Proximity_Dist0.009,0.03,0.209398,0.115575,0.104431,0.000000,0.209398
1769695864.5927,1769695864.5915,1769695864.5925,1769695864.5933,0.00,0.00,-0.419713,-0.397363,0.106073,0.055842,-0.353906,-0.436331,0.056778,0.045795,0.065807,Proximity_Dist0.009,0.62,0.208285,0.187053,0.000000,0.208285,0.085190
1769695864.8922,1769695864.8718,1769695864.8745,1769695864.8950,0.00,0.00,-0.362992,-0.435324,0.057819,0.045796,-0.321419,-0.436331,0.074003,0.005281,0.041573,Proximity_Dist0.009,2.74,0.376440,0.376440,0.160814,0.166195,0.000000
1769695865.1531,1769695865.1334,1769695865.1347,1769695865.1537,0.00,0.00,-0.324709,-0.436331,0.074004,0.012355,-0.289369,-0.436331,0.055499,0.063132,0.050777,Proximity_Dist0.007,0.55,0.190774,0.134033,0.000000,0.000000,0.190774
1769695865.4522,1769695865.4331,1769695865.4344,1769695865.4537,0.00,0.00,-0.289369,-0.436331,0.055500,0.056426,-0.285351,-0.436331,0.097556,0.035517,0.042056,Proximity_Dist0.007,1.43,0.247950,0.018777,0.000000,0.000000,0.247950
1769695865.7122,1769695865.7114,1769695865.7120,1769695865.7126,0.00,0.00,-0.285351,-0.436331,0.091833,0.035688,-0.272990,-0.436331,0.094219,0.052931,0.017243,Proximity_Dist0.006,0.42,0.290056,0.000000,0.000000,0.290056,0.096502
1769695865.8528,1769695865.8515,1769695865.8526,1769695865.8540,0.00,0.00,-0.279171,-0.436331,0.094218,0.044224,-0.296588,-0.436331,0.152027,0.063530,0.057809,Proximity_Dist0.009,1.12,0.246484,0.130461,0.000000,0.055937,0.246484
1769695866.1720,1769695866.1519,1769695866.1532,1769695866.1725,0.00,0.00,-0.296587,-0.436331,0.144256,0.063530,-0.262327,-0.436331,0.091800,0.046005,0.052456,Proximity_Dist0.008,0.39,0.187606,0.000000,0.000000,0.187606,0.000000
1769695866.4764,1769695866.4515,1769695866.4534,1769695866.4771,0.00,0.00,-0.262326,-0.436331,0.098780,0.046005,-0.286653,-0.436331,0.072873,0.027464,0.025907,Proximity_Dist0.007,0.57,0.157775,0.007521,0.000000,0.157775,0.000000
1769695866.6723,1769695866.6515,1769695866.6525,1769695866.6729,0.00,0.00,-0.280592,-0.436331,0.075564,0.030101,-0.296815,-0.436331,-0.003225,-0.012937,0.078790,Proximity_Dist0.006,0.46,0.239773,0.239773,0.000000,0.171150,0.167662
1769695867.0136,1769695866.9915,1769695866.9919,1769695867.0137,0.00,0.00,-0.296816,-0.436331,0.002476,-0.012936,-0.256712,-0.426174,-0.073087,0.045547,0.075563,Proximity_Dist0.006,0.04,0.266284,0.000000,0.000000,0.266284,0.000000
1769695867.3321,1769695867.3315,1769695867.3319,1769695867.3322,0.00,0.00,-0.256712,-0.426174,-0.064947,0.041535,-0.281068,-0.322110,-0.125770,0.079168,0.104064,Proximity_Dist0.008,0.04,0.194127,0.018739,0.000000,0.194127,0.139093
1769695867.7326,1769695867.7120,1769695867.7132,1769695867.7327,0.00,0.00,-0.281068,-0.328896,-0.125770,0.079168,-0.241266,-0.392827,-0.096130,0.031593,0.063931,Proximity_Dist0.007,0.04,0.308751,0.000000,0.308751,0.000000,0.000000
1769695868.0726,1769695868.0521,1769695868.0527,1769695868.0728,0.00,0.00,-0.241266,-0.387171,-0.096131,0.031592,-0.253078,-0.386324,-0.040692,0.055531,0.055439,Proximity_Dist0.006,0.05,0.282884,0.002042,0.282884,0.000000,0.051270
1769695868.3521,1769695868.3316,1769695868.3322,1769695868.3522,0.00,0.00,-0.253078,-0.386323,-0.049918,0.055531,-0.282240,-0.402033,-0.041264,0.049094,0.029162,Proximity_Dist0.009,0.04,0.202364,0.000000,0.000000,0.202364,0.000000
1769695868.5722,1769695868.5518,1769695868.5524,1769695868.5723,0.00,0.00,-0.274324,-0.401392,-0.041263,0.049094,-0.265645,-0.372147,-0.010435,0.090459,0.041365,Proximity_Dist0.008,0.04,0.332403,0.332403,0.129923,0.000000,0.000000
1769695868.8326,1769695868.8114,1769695868.8135,1769695868.8327,0.00,0.00,-0.265644,-0.374176,-0.012528,0.083237,-0.220884,-0.348551,-0.039659,0.081564,0.044761,Proximity_Dist0.007,0.04,0.189964,0.000000,0.107868,0.111270,0.189964
1769695869.0921,1769695869.0715,1769695869.0719,1769695869.0922,0.00,0.00,-0.226976,-0.348551,-0.039011,0.081564,-0.175127,-0.356126,-0.112204,0.038342,0.073192,Proximity_Dist0.006,0.05,0.237205,0.237205,0.032699,0.097260,0.000000
1769695869.4129,1769695869.3927,1769695869.3958,1769695869.4139,0.00,0.00,-0.175285,-0.356126,-0.104304,0.038341,-0.145876,-0.352100,-0.156528,0.035007,0.052224,Proximity_Dist0.008,0.99,0.265814,0.065493,0.000000,0.265814,0.033681
1769695869.6728,1769695869.6714,1769695869.6717,1769695869.6729,0.00,0.00,-0.147335,-0.352099,-0.148317,0.035008,-0.193142,-0.263584,-0.103000,-0.027540,0.088515,Proximity_Dist0.008,0.05,0.188665,0.088278,0.000000,0.188665,0.000000
1769695870.0540,1769695870.0515,1769695870.0521,1769695870.0542,0.00,0.00,-0.193142,-0.268501,-0.103001,-0.027500,-0.128384,-0.249277,-0.112597,0.017199,0.064757,Proximity_Dist0.005,0.04,0.251755,0.000000,0.251755,0.007267,0.064064
1769695870.3524,1769695870.3514,1769695870.3519,1769695870.3524,0.00,0.00,-0.135364,-0.249277,-0.112596,0.016818,-0.106784,-0.253449,-0.104646,-0.029274,0.046092,Proximity_Dist0.007,0.04,0.244234,0.244234,0.000000,0.000000,0.083356
1769695870.6320,1769695870.6314,1769695870.6319,1769695870.6321,0.00,0.00,-0.106784,-0.253450,-0.104646,-0.024393,-0.144334,-0.197606,-0.069641,-0.085115,0.060722,Proximity_Dist0.005,0.03,0.281594,0.000000,0.000000,0.000000,0.281594
1769695870.9141,1769695870.8922,1769695870.8927,1769695870.9142,0.00,0.00,-0.143950,-0.204587,-0.069998,-0.078134,-0.134281,-0.229759,-0.088451,-0.001381,0.076754,Proximity_Dist0.007,0.04,0.294012,0.107530,0.294012,0.100248,0.293994
1769695871.2721,1769695871.2515,1769695871.2543,1769695871.2722,0.00,0.00,-0.134280,-0.229759,-0.088452,-0.009394,-0.174500,-0.171210,-0.153610,-0.014747,0.065159,Proximity_Dist0.008,0.06,0.289475,0.000000,0.000000,0.000000,0.289475
1769695871.5921,1769695871.5720,1769695871.5742,1769695871.5922,0.00,0.00,-0.174334,-0.176992,-0.145465,-0.014748,-0.255953,-0.213753,-0.165457,-0.039427,0.081619,Proximity_Dist0.008,0.04,0.213377,0.048175,0.179592,0.213377,0.000000
1769695871.9323,1769695871.9119,1769695871.9148,1769695871.9324,0.00,0.00,-0.247004,-0.213754,-0.165457,-0.039427,-0.221613,-0.320369,-0.179405,-0.103480,0.106615,Proximity_Dist0.009,0.04,0.383700,0.383700,0.008867,0.000000,0.000000
1769695872.3347,1769695872.3115,1769695872.3119,1769695872.3348,0.00,0.00,-0.221613,-0.312307,-0.179404,-0.103481,-0.236072,-0.255178,-0.217421,-0.197144,0.093663,Proximity_Dist0.008,0.04,0.231969,0.000000,0.231969,0.000000,0.007199
1769695872.7331,1769695872.7115,1769695872.7134,1769695872.7332,0.00,0.00,-0.236071,-0.255344,-0.217421,-0.189203,-0.267214,-0.215140,-0.155536,-0.226059,0.061885,Proximity_Dist0.008,0.04,0.187751,0.000000,0.043509,0.000000,0.187751
1769695873.0532,1769695873.0314,1769695873.0318,1769695873.0533,0.00,0.00,-0.267215,-0.215181,-0.162205,-0.226059,-0.270229,-0.215337,-0.243518,-0.236465,0.081313,Proximity_Dist0.007,0.04,0.222838,0.000000,0.046706,0.222838,0.000000
1769695873.4143,1769695873.3922,1769695873.3927,1769695873.4144,0.00,0.00,-0.270229,-0.215337,-0.236690,-0.236466,-0.299329,-0.199074,-0.168468,-0.300991,0.068222,Proximity_Dist0.007,0.05,0.285596,0.000000,0.000000,0.285596,0.000000
1769695873.7521,1769695873.7515,1769695873.7519,1769695873.7522,0.00,0.00,-0.299329,-0.199074,-0.175514,-0.297658,-0.289411,-0.204134,-0.107687,-0.280240,0.067827,Proximity_Dist0.007,0.04,0.197038,0.000000,0.000000,0.197038,0.140825
1769695874.0539,1769695874.0517,1769695874.0529,1769695874.0540,0.00,0.00,-0.289410,-0.204134,-0.114732,-0.280241,-0.303565,-0.185025,-0.034965,-0.273489,0.079767,Proximity_Dist0.007,0.04,0.299180,0.000000,0.000000,0.299180,0.000000
1769695874.3925,1769695874.3714,1769695874.3731,1769695874.3926,0.00,0.00,-0.303565,-0.185026,-0.040784,-0.273490,-0.275166,-0.186287,0.024857,-0.290690,0.065640,Proximity_Dist0.006,0.04,0.223291,0.000000,0.000000,0.223291,0.000000
1769695874.6937,1769695874.6725,1769695874.6756,1769695874.6938,0.00,0.00,-0.275167,-0.186286,0.017923,-0.290690,-0.251110,-0.175512,-0.021039,-0.301230,0.038962,Proximity_Dist0.007,0.04,0.241030,0.001925,0.000000,0.241030,0.000000
1769695874.9525,1769695874.9331,1769695874.9339,1769695874.9526,0.00,0.00,-0.251151,-0.175512,-0.012076,-0.301230,-0.296700,-0.169387,-0.030168,-0.327179,0.045549,Proximity_Dist0.009,0.04,0.286024,0.052731,0.000000,0.286024,0.000000
1769695875.2340,1769695875.2115,1769695875.2145,1769695875.2342,0.00,0.00,-0.290011,-0.169388,-0.030168,-0.327139,-0.250225,-0.199186,-0.130114,-0.253785,0.099946,Proximity_Dist0.007,0.05,0.240144,0.240144,0.000000,0.000000,0.048601
1769695875.6146,1769695875.5916,1769695875.5948,1769695875.6147,0.00,0.00,-0.250226,-0.199186,-0.122119,-0.254437,-0.276118,-0.180395,-0.149879,-0.273076,0.027760,Proximity_Dist0.008,0.04,0.299533,0.000000,0.000000,0.299533,0.117941
1769695875.8327,1769695875.8121,1769695875.8144,1769695875.8328,0.00,0.00,-0.268287,-0.183068,-0.147068,-0.270332,-0.240345,-0.238199,-0.152086,-0.269708,0.055131,Proximity_Dist0.008,0.04,0.199186,0.199186,0.127579,0.134192,0.130980
1769695876.1321,1769695876.1120,1769695876.1177,1769695876.1324,0.00,0.00,-0.240711,-0.229279,-0.152086,-0.269707,-0.259167,-0.240796,-0.250688,-0.254659,0.098602,Proximity_Dist0.009,0.05,0.197748,0.055172,0.197748,0.000000,0.000000
1769695876.5331,1769695876.5115,1769695876.5125,1769695876.5332,0.00,0.00,-0.259167,-0.240796,-0.244893,-0.254659,-0.165662,-0.285543,-0.237096,-0.229519,0.093506,Proximity_Dist0.006,0.04,0.280494,0.000000,0.000000,0.280494,0.000000
1769695876.9150,1769695876.8915,1769695876.8923,1769695876.9151,0.00,0.00,-0.170555,-0.285543,-0.237096,-0.229520,-0.068188,-0.320220,-0.245102,-0.203686,0.102367,Proximity_Dist0.005,0.04,0.241470,0.241470,0.000000,0.000000,0.000000
1769695877.2920,1769695877.2718,1769695877.2756,1769695877.2929,0.00,0.00,-0.077140,-0.320221,-0.245102,-0.203685,-0.043781,-0.288246,-0.272228,-0.177392,0.033359,Proximity_Dist0.009,0.77,0.197326,0.197326,0.000000,0.000000,0.000000
1769695877.5339,1769695877.5116,1769695877.5136,1769695877.5341,0.00,0.00,-0.045302,-0.294002,-0.269549,-0.179989,-0.040104,-0.310469,-0.207779,-0.155958,0.061769,Proximity_Dist0.006,0.04,0.214285,0.129367,0.214285,0.160310,0.155390
1769695877.8327,1769695877.8115,1769695877.8124,1769695877.8328,0.00,0.00,-0.040104,-0.310470,-0.215836,-0.155957,-0.043639,-0.377770,-0.303355,-0.197165,0.087520,Proximity_Dist0.008,0.06,0.328879,0.000000,0.000000,0.328879,0.000000
1769695878.2137,1769695878.1920,1769695878.1932,1769695878.2138,0.00,0.00,-0.043638,-0.377129,-0.295253,-0.197165,-0.029930,-0.409501,-0.298371,-0.259384,0.062220,Proximity_Dist0.008,0.05,0.320145,0.000000,0.122069,0.320145,0.000000
1769695878.5320,1769695878.5184,1769695878.5189,1769695878.5321,0.00,0.00,-0.029931,-0.409501,-0.298371,-0.251606,-0.090955,-0.386663,-0.401873,-0.264731,0.103502,Proximity_Dist0.008,0.04,0.260699,0.000000,0.002802,0.000000,0.260699
1769695878.9344,1769695878.9117,1769695878.9139,1769695878.9359,0.00,0.00,-0.090954,-0.386664,-0.395124,-0.264730,-0.154426,-0.436331,-0.411245,-0.227762,0.063472,Proximity_Dist0.007,1.45,0.276717,0.000000,0.000000,0.276717,0.000000
1769695879.2521,1769695879.2318,1769695879.2351,1769695879.2562,0.00,0.00,-0.147586,-0.434384,-0.411245,-0.227762,-0.194722,-0.436331,-0.436331,-0.208726,0.047137,Proximity_Dist0.007,4.06,0.253454,0.253454,0.149269,0.000000,0.019682
1769695879.4927,1769695879.4714,1769695879.4738,1769695879.4948,0.00,0.00,-0.185357,-0.436331,-0.435246,-0.208768,-0.183909,-0.436331,-0.436331,-0.208645,0.001448,Proximity_Dist0.009,1.98,0.290529,0.290529,0.000000,0.124723,0.052101
1769695879.5122,1769695879.4939,1769695879.5007,1769695879.5140,0.00,0.00,-0.188728,-0.436331,-0.436157,-0.208726,-0.169965,-0.436331,-0.436331,-0.194754,0.018763,Proximity_Dist0.005,1.77,0.173594,0.173594,0.000000,0.046922,0.002178
1769695879.7744,1769695879.7715,1769695879.7742,1769695879.7748,0.00,0.00,-0.177968,-0.436331,-0.436331,-0.202727,-0.143693,-0.436331,-0.436331,-0.166501,0.036226,Proximity_Dist0.008,0.36,0.175255,0.175255,0.000000,0.000000,0.174597
1769695879.9922,1769695879.9714,1769695879.9742,1769695879.9940,0.00,0.00,-0.150545,-0.436331,-0.436331,-0.173869,-0.149252,-0.436331,-0.436331,-0.206047,0.032177,Proximity_Dist0.007,1.68,0.293140,0.272587,0.000000,0.000000,0.293140
1769695880.2326,1769695880.2120,1769695880.2161,1769695880.2331,0.00,0.00,-0.149252,-0.436331,-0.436331,-0.196855,-0.148623,-0.436331,-0.383972,-0.195441,0.052358,Proximity_Dist0.009,0.39,0.359495,0.000000,0.000000,0.000000,0.359495
1769695880.5321,1769695880.5132,1769695880.5175,1769695880.5322,0.00,0.00,-0.148622,-0.436331,-0.391051,-0.195440,-0.134202,-0.386905,-0.357671,-0.263108,0.067668,Proximity_Dist0.007,0.04,0.334558,0.000000,0.000000,0.334558,0.000000
1769695880.8520,1769695880.8321,1769695880.8326,1769695880.8522,0.00,0.00,-0.134202,-0.387893,-0.357670,-0.256309,-0.096684,-0.353028,-0.305463,-0.281246,0.052207,Proximity_Dist0.007,0.04,0.245506,0.000000,0.112604,0.000000,0.245506
1769695881.1335,1769695881.1119,1769695881.1132,1769695881.1336,0.00,0.00,-0.097748,-0.353409,-0.312521,-0.281246,-0.078512,-0.280734,-0.322998,-0.181119,0.100127,Proximity_Dist0.007,0.05,0.235913,0.112124,0.079729,0.235913,0.000000
1769695881.5139,1769695881.4921,1769695881.4933,1769695881.5141,0.00,0.00,-0.078512,-0.281377,-0.322998,-0.189130,-0.070693,-0.269782,-0.345208,-0.127173,0.061957,Proximity_Dist0.008,0.10,0.183113,0.000000,0.063855,0.000000,0.183113
1769695881.8121,1769695881.7933,1769695881.7943,1769695881.8123,0.00,0.00,-0.070693,-0.269783,-0.345209,-0.132919,-0.049737,-0.301329,-0.319617,-0.072416,0.060503,Proximity_Dist0.006,0.04,0.247270,0.000000,0.000000,0.000000,0.247270
1769695882.0950,1769695882.0762,1769695882.0775,1769695882.0951,0.00,0.00,-0.049737,-0.301172,-0.319617,-0.080355,0.012137,-0.230799,-0.299893,-0.090702,0.070372,Proximity_Dist0.008,0.05,0.212232,0.000000,0.046661,0.002225,0.212232
1769695882.4125,1769695882.3915,1769695882.3934,1769695882.4126,0.00,0.00,0.005468,-0.240234,-0.299893,-0.090703,0.019934,-0.288541,-0.382602,-0.154950,0.082709,Proximity_Dist0.009,0.04,0.294534,0.244560,0.294534,0.000000,0.000000
1769695882.7742,1769695882.7526,1769695882.7530,1769695882.7743,0.00,0.00,0.019935,-0.287908,-0.374687,-0.153475,0.029286,-0.256690,-0.401804,-0.173905,0.031218,Proximity_Dist0.008,0.04,0.169411,0.000000,0.058950,0.169411,0.083168
1769695883.0165,1769695882.9915,1769695882.9944,1769695883.0166,0.00,0.00,0.029285,-0.262422,-0.401634,-0.173736,0.109308,-0.330283,-0.337428,-0.167192,0.080023,Proximity_Dist0.006,0.05,0.198676,0.000000,0.198676,0.060836,0.060051
1769695883.3521,1769695883.3314,1769695883.3317,1769695883.3522,0.00,0.00,0.101148,-0.324395,-0.340056,-0.167192,0.214048,-0.360381,-0.380554,-0.241194,0.112901,Proximity_Dist0.008,0.05,0.193594,0.193594,0.165576,0.117004,0.000000
1769695883.7520,1769695883.7315,1769695883.7318,1769695883.7523,0.00,0.00,0.207220,-0.360381,-0.380555,-0.241153,0.205669,-0.419362,-0.363524,-0.232637,0.058981,Proximity_Dist0.007,0.04,0.241876,0.241876,0.000000,0.000000,0.049217
1769695884.0530,1769695884.0331,1769695884.0336,1769695884.0531,0.00,0.00,0.205668,-0.411434,-0.363524,-0.232637,0.187327,-0.392625,-0.363670,-0.233963,0.018808,Proximity_Dist0.008,0.04,0.191768,0.000000,0.191768,0.000000,0.000000
1769695884.2556,1769695884.2341,1769695884.2345,1769695884.2557,0.00,0.00,0.190628,-0.401909,-0.363669,-0.233963,0.147593,-0.425756,-0.424664,-0.195505,0.060995,Proximity_Dist0.009,0.04,0.177406,0.155779,0.177406,0.000000,0.000000
1769695884.5530,1769695884.5514,1769695884.5517,1769695884.5531,0.00,0.00,0.148620,-0.425714,-0.415252,-0.196498,0.162542,-0.381901,-0.380036,-0.229489,0.043813,Proximity_Dist0.009,0.03,0.217876,0.084211,0.032678,0.217876,0.081510
1769695884.8130,1769695884.7928,1769695884.7935,1769695884.8132,0.00,0.00,0.162543,-0.390025,-0.388303,-0.226769,0.138704,-0.404397,-0.386577,-0.241250,0.023838,Proximity_Dist0.008,0.09,0.351536,0.000000,0.345432,0.351536,0.225274
1769695885.0128,1769695885.0114,1769695885.0127,1769695885.0144,0.00,0.00,0.146788,-0.398069,-0.386576,-0.240596,0.183798,-0.436331,-0.387760,-0.225319,0.038261,Proximity_Dist0.008,0.39,0.000000,0.000000,0.000000,0.000000,0.000000
1769695885.2721,1769695885.2531,1769695885.2538,1769695885.2744,0.00,0.00,0.174208,-0.433097,-0.387760,-0.225319,0.165667,-0.436331,-0.436331,-0.270948,0.048571,Proximity_Dist0.010,2.23,0.221490,0.221490,0.132011,0.000000,0.000000
1769695885.5522,1769695885.5514,1769695885.5521,1769695885.5526,0.00,0.00,0.165667,-0.436331,-0.429205,-0.264254,0.134605,-0.436331,-0.421491,-0.248796,0.031062,Proximity_Dist0.007,0.35,0.185719,0.000000,0.000000,0.185719,0.174474
1769695885.7724,1769695885.7514,1769695885.7546,1769695885.7732,0.00,0.00,0.139811,-0.436331,-0.421490,-0.249877,0.141902,-0.436331,-0.375668,-0.274220,0.045822,Proximity_Dist0.005,0.84,0.318546,0.318546,0.000000,0.038530,0.177986
1769695886.0334,1769695886.0114,1769695886.0146,1769695886.0340,0.00,0.00,0.141902,-0.436331,-0.383464,-0.274219,0.231217,-0.436331,-0.406327,-0.262940,0.089314,Proximity_Dist0.008,0.46,0.174053,0.000000,0.000000,0.174053,0.018627
1769695886.3921,1769695886.3721,1769695886.3741,1769695886.3942,0.00,0.00,0.221989,-0.436331,-0.406327,-0.262941,0.206970,-0.436331,-0.396954,-0.221408,0.041533,Proximity_Dist0.009,2.08,0.218752,0.218752,0.000000,0.000000,0.000000
1769695886.6525,1769695886.6314,1769695886.6325,1769695886.6538,0.00,0.00,0.207138,-0.436331,-0.396954,-0.227586,0.269286,-0.436331,-0.417815,-0.221049,0.062148,Proximity_Dist0.006,1.25,0.235326,0.065734,0.000000,0.000000,0.235326
1769695886.9521,1769695886.9314,1769695886.9329,1769695886.9535,0.00,0.00,0.261497,-0.436331,-0.417814,-0.221049,0.284153,-0.436331,-0.436331,-0.275243,0.054194,Proximity_Dist0.008,1.31,0.326746,0.326746,0.000000,0.000000,0.000000
1769695887.2524,1769695887.2515,1769695887.2523,1769695887.2572,0.00,0.00,0.284152,-0.436331,-0.436331,-0.268469,0.333804,-0.436331,-0.436331,-0.241033,0.049653,Proximity_Dist0.007,4.66,0.173318,0.000000,0.000000,0.000000,0.173318
1769695887.5125,1769695887.5114,1769695887.5123,1769695887.5143,0.00,0.00,0.324867,-0.436331,-0.436331,-0.242103,0.292562,-0.436331,-0.413377,-0.236624,0.032305,Proximity_Dist0.009,1.83,0.284017,0.284017,0.000000,0.000000,0.125900
1769695887.7733,1769695887.7544,1769695887.7573,1769695887.7739,0.00,0.00,0.299763,-0.436331,-0.413735,-0.236623,0.281301,-0.367563,-0.436331,-0.194670,0.068767,Proximity_Dist0.007,0.45,0.264656,0.264656,0.000000,0.082225,0.000000
1769695888.0921,1769695888.0716,1769695888.0724,1769695888.0940,0.00,0.00,0.281302,-0.374472,-0.436331,-0.194708,0.265873,-0.355080,-0.436331,-0.198084,0.019393,Proximity_Dist0.007,1.88,0.198922,0.000000,0.198922,0.000000,0.033265
1769695888.2320,1769695888.2314,1769695888.2318,1769695888.2320,0.00,0.00,0.275634,-0.361322,-0.436331,-0.197895,0.326702,-0.319918,-0.410163,-0.219442,0.051068,Proximity_Dist0.010,0.03,0.148622,0.134963,0.148622,0.000000,0.054223
1769695888.5530,1769695888.5331,1769695888.5339,1769695888.5535,0.00,0.00,0.317314,-0.320278,-0.410163,-0.219442,0.238724,-0.367976,-0.436331,-0.223637,0.078590,Proximity_Dist0.009,0.46,0.207269,0.207269,0.054015,0.000000,0.000000
1769695888.9121,1769695888.8915,1769695888.8923,1769695888.9158,0.00,0.00,0.247813,-0.367976,-0.436331,-0.223638,0.255409,-0.315623,-0.436331,-0.287795,0.064157,Proximity_Dist0.009,3.65,0.360600,0.360600,0.008512,0.000000,0.000000
1769695889.2345,1769695889.2115,1769695889.2118,1769695889.2346,0.00,0.00,0.255408,-0.318304,-0.436331,-0.279776,0.269986,-0.289034,-0.418000,-0.276071,0.029270,Proximity_Dist0.008,0.04,0.243689,0.000000,0.155897,0.000000,0.243689
1769695889.4326,1769695889.4115,1769695889.4136,1769695889.4327,0.00,0.00,0.268908,-0.298266,-0.421299,-0.276437,0.255493,-0.297736,-0.418663,-0.302421,0.025984,Proximity_Dist0.009,0.04,0.198766,0.118183,0.198766,0.175398,0.079680
1769695889.6533,1769695889.6516,1769695889.6531,1769695889.6541,0.00,0.00,0.255879,-0.297736,-0.418663,-0.295550,0.187985,-0.289214,-0.436331,-0.329931,0.067895,Proximity_Dist0.007,0.76,0.166723,0.054559,0.000000,0.000000,0.166723
1769695889.9741,1769695889.9541,1769695889.9551,1769695889.9745,0.00,0.00,0.194767,-0.289213,-0.436331,-0.329930,0.250829,-0.257987,-0.436331,-0.408408,0.078478,Proximity_Dist0.007,0.40,0.178661,0.178661,0.000000,0.000000,0.000000
1769695890.3330,1769695890.3127,1769695890.3134,1769695890.3332,0.00,0.00,0.249828,-0.257988,-0.436331,-0.403468,0.250612,-0.286404,-0.421883,-0.364279,0.039189,Proximity_Dist0.005,0.04,0.264255,0.144106,0.000000,0.000000,0.264255
1769695890.5921,1769695890.5721,1769695890.5725,1769695890.5923,0.00,0.00,0.250612,-0.285419,-0.421883,-0.371327,0.216523,-0.222735,-0.413686,-0.365657,0.062685,Proximity_Dist0.007,0.04,0.183240,0.000000,0.077506,0.000000,0.183240
1769695890.8932,1769695890.8715,1769695890.8748,1769695890.8933,0.00,0.00,0.216524,-0.231870,-0.413685,-0.365657,0.151146,-0.242993,-0.419584,-0.321105,0.065378,Proximity_Dist0.009,0.04,0.291711,0.020257,0.291711,0.000000,0.000000
1769695891.2126,1769695891.2115,1769695891.2124,1769695891.2132,0.00,0.00,0.160527,-0.242993,-0.419584,-0.322158,0.092681,-0.250526,-0.436331,-0.272681,0.067846,Proximity_Dist0.009,0.55,0.210777,0.210777,0.000000,0.000000,0.083857
1769695891.5132,1769695891.4919,1769695891.4940,1769695891.5150,0.00,0.00,0.101703,-0.250526,-0.436331,-0.276086,0.093219,-0.254738,-0.436331,-0.235417,0.040669,Proximity_Dist0.009,1.70,0.273172,0.273172,0.000000,0.000000,0.185289
1769695891.7570,1769695891.7315,1769695891.7344,1769695891.7586,0.00,0.00,0.093218,-0.254738,-0.436331,-0.243698,0.133678,-0.288084,-0.436331,-0.245397,0.040460,Proximity_Dist0.008,1.57,0.291205,0.000000,0.000000,0.000000,0.291205
1769695892.0127,1769695891.9915,1769695891.9920,1769695892.0137,0.00,0.00,0.128621,-0.286042,-0.436331,-0.245397,0.119837,-0.285772,-0.424652,-0.251888,0.011678,Proximity_Dist0.005,0.04,0.275341,0.275341,0.193226,0.000000,0.000000
1769695892.1334,1769695892.1116,1769695892.1157,1769695892.1335,0.00,0.00,0.129583,-0.285956,-0.432276,-0.248642,0.103833,-0.335348,-0.418536,-0.323031,0.074389,Proximity_Dist0.010,0.05,0.116390,0.116390,0.054132,0.115255,0.071458
1769695892.4920,1769695892.4914,1769695892.4918,1769695892.4921,0.00,0.00,0.103833,-0.334713,-0.418537,-0.315284,0.109486,-0.299850,-0.397980,-0.361659,0.046375,Proximity_Dist0.008,0.03,0.193381,0.000000,0.068857,0.000000,0.193381
1769695892.7328,1769695892.7114,1769695892.7122,1769695892.7330,0.00,0.00,0.109486,-0.306651,-0.398342,-0.352680,0.054895,-0.263278,-0.382163,-0.421453,0.068774,Proximity_Dist0.009,0.04,0.261003,0.000000,0.232275,0.077237,0.261003
1769695893.0323,1769695893.0134,1769695893.0144,1769695893.0328,0.00,0.00,0.061718,-0.263651,-0.382163,-0.412226,0.075469,-0.290068,-0.436331,-0.371639,0.054168,Proximity_Dist0.009,0.43,0.220094,0.190431,0.060688,0.000000,0.220094
1769695893.3333,1769695893.3116,1769695893.3145,1769695893.3350,0.00,0.00,0.075468,-0.290068,-0.429560,-0.376462,-0.047248,-0.247937,-0.436331,-0.396607,0.122716,Proximity_Dist0.007,1.60,0.292973,0.000000,0.007802,0.292973,0.253804
1769695893.7536,1769695893.7321,1769695893.7327,1769695893.7537,0.00,0.00,-0.038171,-0.247936,-0.436331,-0.396607,0.033751,-0.313466,-0.400737,-0.409902,0.071922,Proximity_Dist0.009,0.04,0.334592,0.334592,0.000000,0.000000,0.000000
1769695894.1121,1769695894.0918,1769695894.0960,1769695894.1126,0.00,0.00,0.024852,-0.311419,-0.400736,-0.409901,-0.011697,-0.282423,-0.436331,-0.334186,0.075715,Proximity_Dist0.009,0.40,0.234660,0.234660,0.127738,0.000000,0.000000
1769695894.4751,1769695894.4515,1769695894.4526,1769695894.4757,0.00,0.00,-0.011697,-0.282424,-0.436331,-0.338954,-0.049578,-0.251522,-0.436331,-0.333093,0.037881,Proximity_Dist0.005,0.48,0.230503,0.006840,0.000000,0.000000,0.230503
1769695894.6929,1769695894.6714,1769695894.6747,1769695894.6950,0.00,0.00,-0.041160,-0.255803,-0.436331,-0.333093,-0.121898,-0.247616,-0.436331,-0.324568,0.080738,Proximity_Dist0.008,2.04,0.378791,0.378791,0.285965,0.000000,0.000000
1769695895.0338,1769695895.0121,1769695895.0146,1769695895.0343,0.00,0.00,-0.114022,-0.247615,-0.436331,-0.324568,-0.152737,-0.219282,-0.436331,-0.331009,0.038714,Proximity_Dist0.008,0.45,0.187086,0.187086,0.000000,0.000000,0.000000
1769695895.2531,1769695895.2316,1769695895.2321,1769695895.2532,0.00,0.00,-0.145518,-0.224572,-0.436331,-0.331009,-0.108901,-0.295209,-0.404290,-0.369989,0.070637,Proximity_Dist0.007,0.04,0.188485,0.188485,0.166330,0.000000,0.000000
1769695895.5931,1769695895.5716,1769695895.5726,1769695895.5936,0.00,0.00,-0.108900,-0.288532,-0.404290,-0.369989,-0.037846,-0.374588,-0.436331,-0.394111,0.086056,Proximity_Dist0.007,0.38,0.291375,0.007887,0.291375,0.000000,0.000000
1769695895.9525,1769695895.9324,1769695895.9337,1769695895.9534,0.00,0.00,-0.041043,-0.369590,-0.436331,-0.394111,0.014038,-0.305535,-0.436331,-0.379334,0.064055,Proximity_Dist0.005,0.86,0.288195,0.234646,0.288195,0.000000,0.000000
1769695896.2764,1769695896.2514,1769695896.2518,1769695896.2765,0.00,0.00,0.013374,-0.311447,-0.436331,-0.379333,0.033803,-0.308071,-0.394881,-0.272175,0.107158,Proximity_Dist0.006,0.04,0.187962,0.081444,0.187962,0.000000,0.000000
1769695896.6722,1769695896.6514,1769695896.6527,1769695896.6723,0.00,0.00,0.033804,-0.308072,-0.394881,-0.279162,0.063091,-0.334313,-0.405471,-0.286518,0.029288,Proximity_Dist0.007,0.04,0.182712,0.000000,0.000000,0.000000,0.182712
1769695896.8931,1769695896.8715,1769695896.8720,1769695896.8933,0.00,0.00,0.058183,-0.331032,-0.405471,-0.286518,0.132116,-0.403805,-0.397892,-0.248434,0.073932,Proximity_Dist0.005,0.04,0.261362,0.261362,0.222256,0.000000,0.032404
1769695897.2171,1769695897.2115,1769695897.2169,1769695897.2175,0.00,0.00,0.126207,-0.397855,-0.397891,-0.248434,0.075769,-0.392629,-0.436331,-0.266705,0.050438,Proximity_Dist0.006,0.32,0.245539,0.243887,0.245539,0.000000,0.014513
1769695897.5141,1769695897.4915,1769695897.4929,1769695897.5146,0.00,0.00,0.080811,-0.392629,-0.435973,-0.266704,0.084377,-0.379513,-0.436331,-0.250560,0.016143,Proximity_Dist0.005,0.41,0.257079,0.257079,0.000000,0.099791,0.000000
1769695897.6533,1769695897.6316,1769695897.6333,1769695897.6538,0.00,0.00,0.082267,-0.385024,-0.436331,-0.258632,0.120309,-0.401512,-0.436331,-0.230698,0.038042,Proximity_Dist0.008,0.40,0.188171,0.104481,0.145239,0.000000,0.188171
1769695897.8922,1769695897.8723,1769695897.8752,1769695897.8938,0.00,0.00,0.111142,-0.400439,-0.436331,-0.231095,0.092324,-0.393991,-0.436331,-0.191079,0.040016,Proximity_Dist0.009,0.47,0.000000,0.000000,0.000000,0.000000,0.000000
1769695898.1522,1769695898.1317,1769695898.1341,1769695898.1550,0.00,0.00,0.094441,-0.393991,-0.436331,-0.200288,0.080003,-0.388851,-0.436331,-0.168800,0.031488,Proximity_Dist0.009,1.70,0.000000,0.000000,0.000000,0.000000,0.000000
1769695898.3525,1769695898.3317,1769695898.3332,1769695898.3526,0.00,0.00,0.080387,-0.388851,-0.436331,-0.174065,0.109925,-0.392894,-0.432173,-0.152921,0.029537,Proximity_Dist0.005,0.04,0.297694,0.119250,0.000000,0.000000,0.297694
1769695898.5525,1769695898.5316,1769695898.5342,1769695898.5526,0.00,0.00,0.101801,-0.392893,-0.432173,-0.153569,0.092347,-0.424952,-0.405275,-0.182029,0.032059,Proximity_Dist0.008,0.04,0.287786,0.287786,0.000000,0.000000,0.105484
1769695898.7731,1769695898.7519,1769695898.7532,1769695898.7732,0.00,0.00,0.092751,-0.415936,-0.410298,-0.175216,0.100130,-0.435345,-0.381530,-0.213065,0.037850,Proximity_Dist0.009,0.04,0.334289,0.117554,0.334289,0.267103,0.297871
1769695898.9931,1769695898.9725,1769695898.9756,1769695898.9961,0.00,0.00,0.100130,-0.435344,-0.386500,-0.203393,0.160516,-0.436331,-0.322590,-0.184529,0.063910,Proximity_Dist0.010,2.87,0.235253,0.000000,0.009495,0.170341,0.235253
1769695899.2934,1769695899.2721,1769695899.2752,1769695899.2942,0.00,0.00,0.151197,-0.436331,-0.331686,-0.184528,0.205862,-0.436331,-0.381105,-0.180098,0.054665,Proximity_Dist0.009,0.70,0.268628,0.268628,0.000000,0.262184,0.016964
1769695899.5934,1769695899.5715,1769695899.5746,1769695899.5938,0.00,0.00,0.202673,-0.436331,-0.372075,-0.180099,0.246837,-0.436331,-0.419107,-0.113262,0.066836,Proximity_Dist0.009,0.39,0.256779,0.162961,0.000000,0.256779,0.000000
1769695899.9139,1769695899.8914,1769695899.8922,1769695899.9205,0.00,0.00,0.246794,-0.436331,-0.419108,-0.122204,0.243526,-0.436331,-0.390198,-0.051297,0.070907,Proximity_Dist0.009,6.55,0.251223,0.047227,0.000000,0.018027,0.251223
1769695900.2330,1769695900.2131,1769695900.2135,1769695900.2331,0.00,0.00,0.243526,-0.436331,-0.390198,-0.057976,0.200167,-0.430181,-0.362668,-0.045688,0.043359,Proximity_Dist0.007,0.04,0.237950,0.000000,0.000000,0.000000,0.237950
1769695900.4925,1769695900.4715,1769695900.4720,1769695900.4937,0.00,0.00,0.206068,-0.430182,-0.362837,-0.045689,0.163269,-0.361654,-0.248101,-0.017596,0.114736,Proximity_Dist0.006,1.17,0.291735,0.291735,0.000000,0.093860,0.000000
1769695900.9121,1769695900.8914,1769695900.8918,1769695900.9122,0.00,0.00,0.163269,-0.361653,-0.254805,-0.017596,0.087624,-0.367534,-0.262555,0.086435,0.104031,Proximity_Dist0.007,0.05,0.238583,0.000000,0.000000,0.238583,0.000000
1769695901.3121,1769695901.2914,1769695901.2931,1769695901.3123,0.00,0.00,0.087978,-0.367533,-0.262555,0.079651,0.091509,-0.346653,-0.239095,0.046748,0.032903,Proximity_Dist0.007,0.04,0.175715,0.053475,0.000000,0.000000,0.175715
1769695901.5532,1769695901.5514,1769695901.5530,1769695901.5532,0.00,0.00,0.091509,-0.346693,-0.239460,0.053677,0.065683,-0.436208,-0.217752,0.068599,0.089516,Proximity_Dist0.007,0.03,0.326950,0.000000,0.073443,0.114861,0.326950
1769695901.9124,1769695901.8918,1769695901.8931,1769695901.9146,0.00,0.00,0.065684,-0.426957,-0.217753,0.068600,0.127517,-0.436331,-0.262013,0.033688,0.061833,Proximity_Dist0.009,2.10,0.200330,0.000000,0.200330,0.000000,0.000000
1769695902.2330,1769695902.2114,1769695902.2141,1769695902.2335,0.00,0.00,0.121839,-0.436331,-0.261847,0.033688,0.219121,-0.436331,-0.252826,0.062222,0.097283,Proximity_Dist0.006,0.41,0.294152,0.294152,0.000000,0.096846,0.018326
1769695902.5923,1769695902.5715,1769695902.5752,1769695902.5928,0.00,0.00,0.210206,-0.436331,-0.252825,0.062223,0.198590,-0.436331,-0.285231,0.114706,0.052483,Proximity_Dist0.009,0.45,0.384696,0.384696,0.000000,0.000000,0.000000
1769695902.8721,1769695902.8531,1769695902.8537,1769695902.8750,0.00,0.00,0.198591,-0.436331,-0.284218,0.105259,0.306984,-0.436331,-0.233747,0.108047,0.108394,Proximity_Dist0.009,2.88,0.385088,0.008406,0.000000,0.159220,0.385088
1769695903.2921,1769695903.2725,1769695903.2736,1769695903.2941,0.00,0.00,0.300294,-0.436331,-0.233747,0.108046,0.277471,-0.436331,-0.129989,0.150459,0.103757,Proximity_Dist0.007,1.94,0.181497,0.181497,0.000000,0.000000,0.000000
1769695903.6929,1769695903.6721,1769695903.6727,1769695903.6930,0.00,0.00,0.277471,-0.436331,-0.136754,0.150458,0.284066,-0.384993,-0.153065,0.124263,0.051337,Proximity_Dist0.007,0.04,0.234531,0.000000,0.000000,0.234531,0.000000
1769695903.9731,1769695903.9515,1769695903.9523,1769695903.9732,0.00,0.00,0.284066,-0.393043,-0.153065,0.124262,0.288107,-0.354215,-0.204389,0.093868,0.051324,Proximity_Dist0.008,0.04,0.251837,0.000000,0.251837,0.007651,0.030986
1769695904.2521,1769695904.2321,1769695904.2343,1769695904.2522,0.00,0.00,0.288107,-0.354385,-0.196341,0.094036,0.319648,-0.380392,-0.253015,0.053234,0.056674,Proximity_Dist0.008,0.04,0.193953,0.000000,0.045472,0.193953,0.044905
1769695904.5121,1769695904.4971,1769695904.4977,1769695904.5122,0.00,0.00,0.317716,-0.380027,-0.243518,0.058313,0.304326,-0.409171,-0.259271,0.046707,0.029144,Proximity_Dist0.009,0.04,0.285951,0.137594,0.074634,0.285951,0.215427
1769695904.7333,1769695904.7120,1769695904.7136,1769695904.7334,0.00,0.00,0.304734,-0.400203,-0.259270,0.046707,0.300287,-0.404010,-0.254872,-0.035469,0.082176,Proximity_Dist0.009,0.04,0.198062,0.061429,0.198062,0.000000,0.000000
1769695905.0921,1769695905.0736,1769695905.0763,1769695905.0944,0.00,0.00,0.300287,-0.404011,-0.254872,-0.026441,0.290209,-0.436331,-0.361619,-0.054658,0.106747,Proximity_Dist0.009,0.76,0.000000,0.000000,0.000000,0.000000,0.000000
1769695905.4946,1769695905.4715,1769695905.4724,1769695905.4957,0.00,0.00,0.290210,-0.436331,-0.354658,-0.054658,0.185563,-0.436331,-0.433208,-0.123741,0.104646,Proximity_Dist0.007,1.06,0.290302,0.000000,0.000000,0.290302,0.000000
1769695905.8935,1769695905.8721,1769695905.8731,1769695905.8936,0.00,0.00,0.194647,-0.436331,-0.432850,-0.123699,0.173912,-0.432713,-0.381491,-0.195107,0.071408,Proximity_Dist0.009,0.04,0.194456,0.194456,0.000000,0.052244,0.029973
1769695906.2327,1769695906.2115,1769695906.2134,1769695906.2345,0.00,0.00,0.173912,-0.432714,-0.382153,-0.187336,0.262704,-0.436331,-0.405165,-0.247419,0.088792,Proximity_Dist0.008,1.65,0.265341,0.000000,0.000000,0.103834,0.265341
1769695906.5934,1769695906.5714,1769695906.5724,1769695906.5996,0.00,0.00,0.253531,-0.436331,-0.405166,-0.247420,0.262783,-0.436331,-0.329255,-0.226615,0.075911,Proximity_Dist0.009,6.08,0.193531,0.193531,0.000000,0.000000,0.008027
1769695906.9524,1769695906.9331,1769695906.9344,1769695906.9529,0.00,0.00,0.262784,-0.436331,-0.335929,-0.226615,0.209295,-0.436331,-0.322194,-0.255986,0.053489,Proximity_Dist0.007,0.44,0.169267,0.000000,0.000000,0.169267,0.000000
1769695907.2321,1769695907.2140,1769695907.2156,1769695907.2322,0.00,0.00,0.218196,-0.436331,-0.322193,-0.255945,0.162319,-0.402096,-0.351485,-0.295290,0.055877,Proximity_Dist0.009,0.04,0.234534,0.234534,0.000000,0.000000,0.036538
1769695907.5121,1769695907.4914,1769695907.4919,1769695907.5122,0.00,0.00,0.169210,-0.403166,-0.351120,-0.292000,0.160376,-0.373891,-0.346706,-0.250750,0.041250,Proximity_Dist0.007,0.04,0.244190,0.244190,0.119589,0.080984,0.178304
1769695907.7732,1769695907.7515,1769695907.7538,1769695907.7733,0.00,0.00,0.160377,-0.374066,-0.346706,-0.256812,0.164996,-0.352106,-0.291371,-0.179382,0.077430,Proximity_Dist0.006,0.04,0.306317,0.000000,0.098289,0.000000,0.306317
1769695908.1143,1769695908.0922,1769695908.0936,1769695908.1144,0.00,0.00,0.164996,-0.352106,-0.291739,-0.184179,0.193037,-0.323445,-0.278546,-0.260604,0.076425,Proximity_Dist0.005,0.04,0.255117,0.000000,0.000000,0.107291,0.255117
1769695908.4524,1769695908.4317,1769695908.4329,1769695908.4525,0.00,0.00,0.193037,-0.323444,-0.278546,-0.252831,0.215135,-0.412225,-0.316816,-0.200491,0.088781,Proximity_Dist0.008,0.04,0.185318,0.000000,0.000000,0.000000,0.185318
1769695908.8323,1769695908.8116,1769695908.8120,1769695908.8324,0.00,0.00,0.215135,-0.407294,-0.316816,-0.200491,0.219891,-0.381674,-0.337147,-0.272905,0.072413,Proximity_Dist0.005,0.05,0.273863,0.000000,0.273863,0.000000,0.032829
1769695909.1523,1769695909.1316,1769695909.1361,1769695909.1541,0.00,0.00,0.219891,-0.381674,-0.337147,-0.265020,0.272040,-0.348506,-0.397634,-0.241239,0.060487,Proximity_Dist0.008,0.06,0.000000,0.000000,0.000000,0.000000,0.000000
1769695909.4544,1769695909.4317,1769695909.4320,1769695909.4545,0.00,0.00,0.267867,-0.348506,-0.389502,-0.241239,0.301075,-0.365999,-0.417481,-0.269836,0.033208,Proximity_Dist0.008,0.04,0.238701,0.180032,0.029819,0.238701,0.028468
1769695909.6721,1769695909.6515,1769695909.6530,1769695909.6722,0.00,0.00,0.292027,-0.364883,-0.415320,-0.260925,0.304083,-0.360945,-0.418184,-0.246351,0.014574,Proximity_Dist0.009,0.04,0.206494,0.206494,0.090263,0.116662,0.203366
1769695909.8736,1769695909.8522,1769695909.8544,1769695909.8737,0.00,0.00,0.304083,-0.360945,-0.418184,-0.253218,0.288751,-0.392069,-0.423769,-0.179142,0.074076,Proximity_Dist0.007,0.04,0.231073,0.000000,0.000000,0.000000,0.231073
1769695910.1922,1769695910.1915,1769695910.1921,1769695910.1923,0.00,0.00,0.288751,-0.392069,-0.423768,-0.188133,0.306065,-0.406008,-0.322523,-0.143748,0.101245,Proximity_Dist0.009,0.04,0.073531,0.000000,0.000000,0.000000,0.073531
1769695910.5721,1769695910.5714,1769695910.5718,1769695910.5724,0.00,0.00,0.306066,-0.406007,-0.331821,-0.143749,0.388823,-0.391276,-0.400308,-0.110774,0.082757,Proximity_Dist0.009,0.04,0.202873,0.000000,0.000000,0.202873,0.000000
1769695910.9321,1769695910.9115,1769695910.9118,1769695910.9322,0.00,0.00,0.381994,-0.391277,-0.395410,-0.110774,0.436222,-0.401867,-0.407384,-0.124069,0.054228,Proximity_Dist0.007,0.04,0.311270,0.311270,0.000000,0.271521,0.000000
1769695911.2139,1769695911.1954,1769695911.1969,1769695911.2154,0.00,0.00,0.431244,-0.401867,-0.407384,-0.124068,0.398843,-0.436331,-0.407781,-0.139546,0.034463,Proximity_Dist0.005,1.40,0.268461,0.268461,0.000000,0.000000,0.000000
1769695911.4323,1769695911.4115,1769695911.4122,1769695911.4327,0.00,0.00,0.408378,-0.429050,-0.407782,-0.139507,0.342874,-0.423761,-0.425009,-0.204097,0.065504,Proximity_Dist0.010,0.06,0.284891,0.284891,0.255517,0.000000,0.046838
1769695911.7521,1769695911.7315,1769695911.7325,1769695911.7553,0.00,0.00,0.346227,-0.423761,-0.425009,-0.197140,0.364884,-0.358427,-0.436331,-0.231718,0.065334,Proximity_Dist0.007,3.13,0.178467,0.129956,0.000000,0.000000,0.178467
1769695912.0740,1769695912.0714,1769695912.0738,1769695912.0744,0.00,0.00,0.364884,-0.363468,-0.436331,-0.231719,0.374680,-0.410724,-0.436331,-0.237346,0.047256,Proximity_Dist0.005,0.34,0.267842,0.000000,0.267842,0.000000,0.000000
1769695912.3521,1769695912.3318,1769695912.3336,1769695912.3527,0.00,0.00,0.374680,-0.403654,-0.436331,-0.237347,0.424296,-0.354695,-0.436331,-0.224170,0.049616,Proximity_Dist0.007,0.49,0.185239,0.000000,0.185239,0.000000,0.000000
1769695912.6321,1769695912.6314,1769695912.6319,1769695912.6321,0.00,0.00,0.417588,-0.364019,-0.436331,-0.224170,0.345726,-0.324388,-0.410874,-0.183437,0.071862,Proximity_Dist0.009,0.04,0.206074,0.173450,0.206074,0.000000,0.000000
1769695912.9920,1769695912.9915,1769695912.9918,1769695912.9921,0.00,0.00,0.350672,-0.324387,-0.410875,-0.183438,0.362768,-0.329459,-0.348394,-0.090356,0.093082,Proximity_Dist0.005,0.03,0.317202,0.317202,0.000000,0.000000,0.000000
1769695913.3537,1769695913.3321,1769695913.3329,1769695913.3538,0.00,0.00,0.362768,-0.329459,-0.348434,-0.097160,0.348729,-0.354861,-0.337024,-0.136532,0.039372,Proximity_Dist0.007,0.04,0.292741,0.000000,0.000000,0.065425,0.292741
1769695913.6138,1769695913.5931,1769695913.5943,1769695913.6142,0.00,0.00,0.348729,-0.354816,-0.337025,-0.127513,0.235329,-0.356871,-0.349295,-0.148345,0.113400,Proximity_Dist0.009,0.04,0.195728,0.000000,0.032514,0.000000,0.195728
1769695914.0326,1769695914.0121,1769695914.0126,1769695914.0328,0.00,0.00,0.241294,-0.356871,-0.349296,-0.148344,0.255863,-0.350765,-0.332347,-0.100948,0.047396,Proximity_Dist0.006,0.04,0.296920,0.296920,0.000000,0.000000,0.000000
1769695914.2925,1769695914.2715,1769695914.2733,1769695914.2926,0.00,0.00,0.255864,-0.350766,-0.332347,-0.110205,0.294458,-0.310625,-0.333175,-0.131262,0.040140,Proximity_Dist0.009,0.04,0.198617,0.007823,0.000000,0.000000,0.198617
1769695914.5522,1769695914.5318,1769695914.5343,1769695914.5523,0.00,0.00,0.287720,-0.317633,-0.333175,-0.129205,0.316154,-0.282296,-0.293649,-0.125037,0.039526,Proximity_Dist0.007,0.04,0.178994,0.172098,0.178994,0.000000,0.106241
1769695914.7935,1769695914.7745,1769695914.7748,1769695914.7936,0.00,0.00,0.316112,-0.283389,-0.300549,-0.125037,0.352274,-0.310595,-0.235796,-0.101121,0.064753,Proximity_Dist0.007,0.04,0.296733,0.069535,0.153720,0.296733,0.000000
1769695915.0922,1769695915.0914,1769695915.0920,1769695915.0923,0.00,0.00,0.351905,-0.310595,-0.244724,-0.101121,0.294966,-0.230461,-0.222072,-0.086090,0.080134,Proximity_Dist0.009,0.04,0.199708,0.056213,0.000000,0.199708,0.000000
1769695915.4522,1769695915.4330,1769695915.4341,1769695915.4523,0.00,0.00,0.295595,-0.236466,-0.222072,-0.086090,0.290445,-0.241792,-0.092372,-0.052811,0.129700,Proximity_Dist0.006,0.04,0.308206,0.130252,0.308206,0.000000,0.000000
1769695915.8921,1769695915.8729,1769695915.8735,1769695915.8922,0.00,0.00,0.290445,-0.241793,-0.098208,-0.052812,0.288585,-0.268332,-0.101327,-0.005024,0.047788,Proximity_Dist0.006,0.04,0.313034,0.000000,0.000000,0.313034,0.000000
1769695916.1521,1769695916.1319,1769695916.1340,1769695916.1522,0.00,0.00,0.288585,-0.268168,-0.101327,-0.013155,0.362399,-0.293074,-0.163970,0.035410,0.073814,Proximity_Dist0.008,0.04,0.370349,0.000000,0.099724,0.000000,0.370349
1769695916.4922,1769695916.4915,1769695916.4920,1769695916.4923,0.00,0.00,0.355468,-0.293074,-0.160734,0.035411,0.362322,-0.307516,-0.165833,-0.041488,0.076899,Proximity_Dist0.007,0.03,0.187265,0.187265,0.000000,0.132113,0.000000
1769695916.8324,1769695916.8149,1769695916.8157,1769695916.8325,0.00,0.00,0.362398,-0.307517,-0.165834,-0.033646,0.426123,-0.199442,-0.119094,-0.048727,0.108074,Proximity_Dist0.008,0.04,0.219834,0.000000,0.000000,0.000000,0.219834
1769695917.2337,1769695917.2114,1769695917.2118,1769695917.2338,0.00,0.00,0.426122,-0.208323,-0.119094,-0.048728,0.444401,-0.142849,-0.143448,-0.138549,0.089821,Proximity_Dist0.009,0.05,0.246789,0.001868,0.246789,0.000000,0.000000
1769695917.6132,1769695917.5930,1769695917.5934,1769695917.6133,0.00,0.00,0.444401,-0.142848,-0.143449,-0.133559,0.466477,-0.116989,-0.183230,-0.217765,0.084205,Proximity_Dist0.005,0.04,0.264482,0.000000,0.007954,0.000000,0.264482
1769695917.9322,1769695917.9148,1769695917.9159,1769695917.9323,0.00,0.00,0.466478,-0.116989,-0.183230,-0.208491,0.460453,-0.220923,-0.196011,-0.127516,0.103934,Proximity_Dist0.009,0.04,0.331759,0.000000,0.000000,0.002432,0.331759
1769695918.3335,1769695918.3131,1769695918.3139,1769695918.3336,0.00,0.00,0.460453,-0.211902,-0.196011,-0.130872,0.497985,-0.136047,-0.136668,-0.229095,0.098224,Proximity_Dist0.009,0.05,0.274873,0.000000,0.274873,0.000000,0.183796
1769695918.7355,1769695918.7114,1769695918.7138,1769695918.7355,0.00,0.00,0.497986,-0.137083,-0.136668,-0.224079,0.500000,-0.172421,-0.166466,-0.237634,0.035338,Proximity_Dist0.005,0.04,0.238889,0.000000,0.132661,0.000000,0.238889
1769695918.9743,1769695918.9525,1769695918.9527,1769695918.9744,0.00,0.00,0.500000,-0.166482,-0.163825,-0.237634,0.496174,-0.180635,-0.113897,-0.182799,0.054834,Proximity_Dist0.006,0.04,0.208361,0.000000,0.208361,0.148940,0.000000
1769695919.2521,1769695919.2326,1769695919.2345,1769695919.2522,0.00,0.00,0.496174,-0.180635,-0.121004,-0.191924,0.497766,-0.139652,-0.208084,-0.187369,0.087080,Proximity_Dist0.009,0.04,0.224236,0.000000,0.000000,0.204330,0.224236
1769695919.6321,1769695919.6126,1769695919.6142,1769695919.6321,0.00,0.00,0.497766,-0.139653,-0.200099,-0.187370,0.499189,-0.126517,-0.219214,-0.126665,0.060705,Proximity_Dist0.008,0.04,0.209884,0.000000,0.000000,0.209884,0.000000
1769695919.9331,1769695919.9116,1769695919.9126,1769695919.9332,0.00,0.00,0.499189,-0.126517,-0.219215,-0.134826,0.474127,-0.121199,-0.257574,-0.143757,0.038359,Proximity_Dist0.008,0.04,0.253043,0.000000,0.000000,0.000000,0.253043
1769695920.1922,1769695920.1714,1769695920.1742,1769695920.1923,0.00,0.00,0.474518,-0.121199,-0.250877,-0.143758,0.493172,-0.066251,-0.238660,-0.179368,0.054948,Proximity_Dist0.007,0.04,0.171651,0.058287,0.000000,0.171651,0.000000
1769695920.4720,1769695920.4531,1769695920.4559,1769695920.4721,0.00,0.00,0.493172,-0.074217,-0.238660,-0.178722,0.440493,-0.145840,-0.253550,-0.151207,0.071623,Proximity_Dist0.008,0.04,0.281264,0.000000,0.281264,0.000000,0.104778
1769695920.8166,1769695920.7915,1769695920.7924,1769695920.8167,0.00,0.00,0.440662,-0.137723,-0.253549,-0.151207,0.450272,-0.183675,-0.269512,-0.135009,0.045952,Proximity_Dist0.008,0.04,0.279326,0.077530,0.279326,0.000000,0.000000
1769695921.0530,1769695921.0331,1769695921.0341,1769695921.0531,0.00,0.00,0.450272,-0.175267,-0.269512,-0.135010,0.458917,-0.220078,-0.267123,-0.101650,0.044811,Proximity_Dist0.008,0.04,0.282067,0.000000,0.282067,0.033470,0.033960
1769695921.2934,1769695921.2735,1769695921.2747,1769695921.2935,0.00,0.00,0.458917,-0.211988,-0.267123,-0.107655,0.412106,-0.114921,-0.226843,-0.106624,0.097067,Proximity_Dist0.008,0.12,0.260037,0.000000,0.260037,0.000000,0.229891
1769695921.6927,1769695921.6723,1769695921.6734,1769695921.6928,0.00,0.00,0.412107,-0.122873,-0.226844,-0.106624,0.485768,-0.150548,-0.260538,-0.159496,0.073661,Proximity_Dist0.008,0.04,0.186204,0.000000,0.186204,0.000000,0.000000
1769695922.0343,1769695922.0315,1769695922.0319,1769695922.0344,0.00,0.00,0.478853,-0.150547,-0.260539,-0.159116,0.449687,-0.207918,-0.210376,-0.107114,0.057371,Proximity_Dist0.007,0.04,0.160593,0.160593,0.000000,0.000000,0.051514
1769695922.3328,1769695922.3114,1769695922.3117,1769695922.3330,0.00,0.00,0.449688,-0.202251,-0.212943,-0.109796,0.500000,-0.263844,-0.269388,-0.061018,0.061593,Proximity_Dist0.006,0.05,0.222900,0.033105,0.222900,0.162380,0.169561
1769695922.6123,1769695922.5916,1769695922.5952,1769695922.6124,0.00,0.00,0.495130,-0.256854,-0.260281,-0.064260,0.436803,-0.238239,-0.327597,-0.069148,0.067316,Proximity_Dist0.009,0.04,0.393148,0.301598,0.355883,0.393148,0.255408
1769695922.9331,1769695922.9123,1769695922.9139,1769695922.9332,0.00,0.00,0.444703,-0.238239,-0.321848,-0.069148,0.431337,-0.261303,-0.269210,-0.088551,0.052637,Proximity_Dist0.008,0.04,0.251292,0.251292,0.000000,0.217805,0.000000
1769695923.2330,1769695923.2126,1769695923.2131,1769695923.2331,0.00,0.00,0.431337,-0.261304,-0.278220,-0.088551,0.415285,-0.207520,-0.280701,-0.092443,0.053784,Proximity_Dist0.009,0.05,0.260631,0.000000,0.000000,0.260631,0.000000
1769695923.5332,1769695923.5122,1769695923.5135,1769695923.5333,0.00,0.00,0.415285,-0.214243,-0.280701,-0.092443,0.487757,-0.211676,-0.165144,-0.134511,0.115557,Proximity_Dist0.007,0.09,0.236471,0.000000,0.236471,0.000000,0.000000
1769695923.9522,1769695923.9318,1769695923.9334,1769695923.9525,0.00,0.00,0.487757,-0.211675,-0.171907,-0.134511,0.446589,-0.218114,-0.123478,-0.170543,0.048429,Proximity_Dist0.007,0.05,0.308414,0.008009,0.000000,0.308414,0.000000
1769695924.2131,1769695924.1915,1769695924.1947,1769695924.2132,0.00,0.00,0.452714,-0.218114,-0.131197,-0.166458,0.500000,-0.247571,-0.053878,-0.184553,0.077320,Proximity_Dist0.008,0.04,0.309759,0.293957,0.000000,0.309759,0.243431
1769695924.5540,1769695924.5317,1769695924.5345,1769695924.5541,0.00,0.00,0.499013,-0.247571,-0.058885,-0.184553,0.442572,-0.194013,-0.119758,-0.232729,0.060873,Proximity_Dist0.005,0.04,0.279451,0.148218,0.000000,0.279451,0.000000
1769695924.8531,1769695924.8314,1769695924.8327,1769695924.8533,0.00,0.00,0.449229,-0.198806,-0.110304,-0.230680,0.459549,-0.221763,-0.185757,-0.259791,0.075453,Proximity_Dist0.009,0.07,0.201959,0.166385,0.144259,0.201959,0.103557
1769695925.1734,1769695925.1515,1769695925.1518,1769695925.1735,0.00,0.00,0.459549,-0.221763,-0.177507,-0.259791,0.352036,-0.236925,-0.173450,-0.278500,0.107513,Proximity_Dist0.008,0.04,0.251421,0.000000,0.000000,0.251421,0.000000
1769695925.5732,1769695925.5524,1769695925.5531,1769695925.5733,0.00,0.00,0.359046,-0.236925,-0.173449,-0.278500,0.350777,-0.129982,-0.247276,-0.211772,0.106943,Proximity_Dist0.007,0.04,0.303992,0.303992,0.000000,0.000000,0.000000
1769695925.9721,1769695925.9714,1769695925.9717,1769695925.9722,0.00,0.00,0.350778,-0.136954,-0.247235,-0.211771,0.428883,-0.042861,-0.220377,-0.252350,0.094093,Proximity_Dist0.007,0.04,0.217676,0.000000,0.217676,0.037309,0.009623
1769695926.3325,1769695926.3115,1769695926.3132,1769695926.3326,0.00,0.00,0.425592,-0.049622,-0.220377,-0.252350,0.417305,-0.035609,-0.190623,-0.306546,0.054196,Proximity_Dist0.007,0.04,0.178894,0.131609,0.178894,0.000000,0.000000
1769695926.6133,1769695926.5916,1769695926.5929,1769695926.6134,0.00,0.00,0.417305,-0.035608,-0.190664,-0.297527,0.380048,0.034772,-0.152035,-0.295796,0.070380,Proximity_Dist0.009,0.04,0.191235,0.000000,0.000000,0.029788,0.191235
1769695926.9328,1769695926.9114,1769695926.9131,1769695926.9329,0.00,0.00,0.380047,0.026571,-0.152036,-0.295797,0.423089,0.045268,-0.097330,-0.331098,0.054705,Proximity_Dist0.008,0.05,0.344485,0.018969,0.344485,0.049725,0.000000
1769695927.2335,1769695927.2123,1769695927.2127,1769695927.2336,0.00,0.00,0.421095,0.045269,-0.104168,-0.330737,0.391890,-0.036002,-0.079330,-0.329495,0.081270,Proximity_Dist0.007,0.04,0.293451,0.180832,0.000000,0.293451,0.102998
1769695927.5920,1769695927.5717,1769695927.5735,1769695927.5921,0.00,0.00,0.391889,-0.029295,-0.079330,-0.329495,0.356182,0.023876,-0.136058,-0.342021,0.056728,Proximity_Dist0.007,0.04,0.173468,0.000000,0.173468,0.000000,0.000000
1769695927.8922,1769695927.8916,1769695927.8920,1769695927.8923,0.00,0.00,0.356182,0.017962,-0.131863,-0.342022,0.336290,0.103683,-0.113327,-0.300111,0.085721,Proximity_Dist0.006,0.03,0.298840,0.050793,0.298840,0.263210,0.000000
1769695928.2329,1769695928.2121,1769695928.2127,1769695928.2330,0.00,0.00,0.336290,0.096666,-0.113328,-0.300111,0.229342,0.052692,-0.073075,-0.304344,0.106948,Proximity_Dist0.007,0.04,0.244431,0.000000,0.244431,0.000000,0.001943
1769695928.6331,1769695928.6115,1769695928.6121,1769695928.6334,0.00,0.00,0.235283,0.052691,-0.073075,-0.304344,0.181760,0.023351,-0.049019,-0.261831,0.053523,Proximity_Dist0.006,0.04,0.221104,0.221104,0.000000,0.000000,0.000000
1769695928.8923,1769695928.8714,1769695928.8753,1769695928.8924,0.00,0.00,0.189856,0.024001,-0.049019,-0.267617,0.186725,0.096549,0.002128,-0.188955,0.078662,Proximity_Dist0.008,0.07,0.223545,0.223545,0.078045,0.021799,0.189416
1769695929.2340,1769695929.2114,1769695929.2123,1769695929.2341,0.00,0.00,0.186726,0.091628,0.002087,-0.193853,0.160387,0.134977,-0.027197,-0.154977,0.043349,Proximity_Dist0.005,0.04,0.251010,0.000000,0.251010,0.065480,0.249909
1769695929.4735,1769695929.4521,1769695929.4526,1769695929.4736,0.00,0.00,0.161403,0.128268,-0.025207,-0.158417,0.113806,0.140419,-0.036655,-0.080975,0.077441,Proximity_Dist0.007,0.05,0.292543,0.144930,0.292543,0.183444,0.232212
1769695929.7941,1769695929.7717,1769695929.7761,1769695929.7942,0.00,0.00,0.114170,0.140419,-0.036655,-0.090226,0.067498,0.083890,-0.094046,-0.177435,0.087209,Proximity_Dist0.009,0.04,0.185215,0.049682,0.000000,0.000000,0.185215
1769695930.1923,1769695930.1714,1769695930.1739,1769695930.1925,0.00,0.00,0.067499,0.083891,-0.094045,-0.171766,0.093326,0.021341,-0.033500,-0.232667,0.062550,Proximity_Dist0.006,0.05,0.291597,0.000000,0.000000,0.002011,0.291597
1769695930.4923,1769695930.4716,1769695930.4751,1769695930.4925,0.00,0.00,0.093326,0.030317,-0.040518,-0.227723,0.080804,0.021101,0.040198,-0.255977,0.080716,Proximity_Dist0.009,0.04,0.275406,0.000000,0.275406,0.252967,0.215674
1769695930.8335,1769695930.8315,1769695930.8334,1769695930.8336,0.00,0.00,0.080804,0.021101,0.032174,-0.255977,0.138135,-0.060155,0.067963,-0.287535,0.081256,Proximity_Dist0.008,0.04,0.176466,0.000000,0.000000,0.176466,0.000000
1769695931.1921,1769695931.1915,1769695931.1920,1769695931.1922,0.00,0.00,0.137505,-0.052378,0.067963,-0.287534,0.080452,-0.029567,0.052162,-0.276848,0.057053,Proximity_Dist0.008,0.04,0.197861,0.069582,0.197861,0.000000,0.000000
1769695931.4921,1769695931.4914,1769695931.4920,1769695931.4922,0.00,0.00,0.087139,-0.029568,0.052161,-0.276848,0.007645,-0.018165,0.083279,-0.249711,0.079493,Proximity_Dist0.007,0.03,0.267486,0.267486,0.002387,0.000000,0.000000
1769695931.8325,1769695931.8118,1769695931.8132,1769695931.8326,0.00,0.00,0.014482,-0.018165,0.083280,-0.249711,0.017357,-0.032015,0.083501,-0.249582,0.013849,Proximity_Dist0.007,0.04,0.177819,0.177819,0.000000,0.000000,0.000000
1769695931.9721,1769695931.9520,1769695931.9554,1769695931.9722,0.00,0.00,0.013344,-0.025090,0.083500,-0.249582,0.037005,-0.075257,0.082423,-0.198056,0.051527,Proximity_Dist0.007,0.06,0.210504,0.142905,0.210504,0.000000,0.000000
1769695932.2520,1769695932.2515,1769695932.2518,1769695932.2521,0.00,0.00,0.037004,-0.070311,0.082423,-0.207330,0.029747,-0.033075,0.070886,-0.229240,0.037237,Proximity_Dist0.009,0.03,0.204970,0.000000,0.153961,0.000000,0.204970
1769695932.5121,1769695932.4917,1769695932.4933,1769695932.5122,0.00,0.00,0.029747,-0.040889,0.070885,-0.227685,-0.011549,-0.038122,0.092548,-0.241347,0.041297,Proximity_Dist0.008,0.04,0.345129,0.000000,0.345129,0.000000,0.192611
1769695932.7723,1769695932.7715,1769695932.7722,1769695932.7724,0.00,0.00,-0.004339,-0.038121,0.092506,-0.241348,-0.017529,-0.109377,0.137640,-0.281134,0.071255,Proximity_Dist0.007,0.04,0.186627,0.186627,0.000000,0.031913,0.000000
1769695933.0935,1769695933.0721,1769695933.0730,1769695933.0937,0.00,0.00,-0.017528,-0.101617,0.137640,-0.281134,-0.038283,-0.139022,0.142283,-0.279627,0.037405,Proximity_Dist0.008,0.04,0.315577,0.000000,0.315577,0.051480,0.017872
1769695933.3174,1769695933.2914,1769695933.2918,1769695933.3175,0.00,0.00,-0.036296,-0.132083,0.142283,-0.279626,-0.072755,-0.144159,0.095120,-0.280939,0.047163,Proximity_Dist0.007,0.04,0.250273,0.151426,0.250273,0.000000,0.000000
1769695933.5735,1769695933.5519,1769695933.5532,1769695933.5736,0.00,0.00,-0.071204,-0.144159,0.103145,-0.280939,-0.113868,-0.175731,0.167311,-0.240654,0.064166,Proximity_Dist0.008,0.04,0.329353,0.178588,0.000000,0.329353,0.000000
1769695933.9139,1769695933.8914,1769695933.8918,1769695933.9140,0.00,0.00,-0.113869,-0.175730,0.160533,-0.240653,-0.189412,-0.231831,0.197045,-0.229013,0.075543,Proximity_Dist0.007,0.04,0.284098,0.007764,0.000000,0.284098,0.007608
1769695934.2540,1769695934.2317,1769695934.2330,1769695934.2541,0.00,0.00,-0.181708,-0.231166,0.197044,-0.229013,-0.126718,-0.191550,0.146125,-0.228008,0.054990,Proximity_Dist0.008,0.04,0.297152,0.297152,0.123582,0.000000,0.000000
1769695934.5720,1769695934.5715,1769695934.5718,1769695934.5720,0.00,0.00,-0.134555,-0.191716,0.148731,-0.228008,-0.135994,-0.177840,0.167741,-0.180661,0.047347,Proximity_Dist0.008,0.04,0.199123,0.199123,0.046795,0.124340,0.000000
1769695934.8321,1769695934.8315,1769695934.8320,1769695934.8322,0.00,0.00,-0.135994,-0.177840,0.167742,-0.189908,-0.122363,-0.203144,0.107473,-0.212170,0.060269,Proximity_Dist0.009,0.03,0.362286,0.000000,0.000000,0.034027,0.362286
1769695935.1521,1769695935.1515,1769695935.1520,1769695935.1522,0.00,0.00,-0.122363,-0.203144,0.113425,-0.212169,-0.112290,-0.258066,0.124912,-0.267002,0.054922,Proximity_Dist0.006,0.03,0.234047,0.000000,0.000000,0.234047,0.007964
1769695935.4332,1769695935.4121,1769695935.4158,1769695935.4333,0.00,0.00,-0.112291,-0.251201,0.124913,-0.260148,-0.173131,-0.301478,0.170793,-0.252972,0.060840,Proximity_Dist0.007,0.04,0.303269,0.000000,0.303269,0.000000,0.302778
1769695935.7321,1769695935.7314,1769695935.7318,1769695935.7322,0.00,0.00,-0.164953,-0.300001,0.168244,-0.252972,-0.246027,-0.300862,0.167617,-0.274660,0.081074,Proximity_Dist0.008,0.03,0.214820,0.214820,0.102209,0.125660,0.000000
1769695936.0721,1769695936.0714,1769695936.0719,1769695936.0722,0.00,0.00,-0.239183,-0.300862,0.167616,-0.274661,-0.345076,-0.285083,0.206682,-0.317778,0.105893,Proximity_Dist0.007,0.03,0.205508,0.205508,0.000000,0.000000,0.000000
1769695936.4534,1769695936.4341,1769695936.4349,1769695936.4535,0.00,0.00,-0.338244,-0.285082,0.206682,-0.317777,-0.301104,-0.254724,0.204356,-0.303687,0.037139,Proximity_Dist0.007,0.04,0.184019,0.184019,0.000000,0.000000,0.000000
1769695936.7140,1769695936.6915,1769695936.6918,1769695936.7142,0.00,0.00,-0.307089,-0.255397,0.204355,-0.303687,-0.333518,-0.315195,0.280345,-0.322325,0.075989,Proximity_Dist0.006,0.05,0.284280,0.284280,0.128927,0.000000,0.000000
1769695937.0526,1769695937.0322,1769695937.0330,1769695937.0527,0.00,0.00,-0.333518,-0.314532,0.274652,-0.322326,-0.362235,-0.383952,0.247765,-0.363798,0.069419,Proximity_Dist0.006,0.04,0.288337,0.000000,0.135594,0.288337,0.000000
1769695937.3728,1769695937.3538,1769695937.3554,1769695937.3729,0.00,0.00,-0.362234,-0.377043,0.247765,-0.363798,-0.287514,-0.291171,0.256654,-0.406712,0.085872,Proximity_Dist0.007,0.06,0.203335,0.000000,0.203335,0.000000,0.009798
1769695937.7521,1769695937.7315,1769695937.7330,1769695937.7522,0.00,0.00,-0.288178,-0.296950,0.256654,-0.406712,-0.303249,-0.169854,0.269912,-0.430353,0.127096,Proximity_Dist0.006,0.04,0.290290,0.134611,0.290290,0.000000,0.000000
1769695938.1727,1769695938.1522,1769695938.1548,1769695938.1728,0.00,0.00,-0.303249,-0.177670,0.269912,-0.430353,-0.356455,-0.174131,0.288008,-0.456532,0.053206,Proximity_Dist0.008,0.04,0.182795,0.000000,0.182795,0.000000,0.000000
1769695938.4560,1769695938.4316,1769695938.4340,1769695938.4561,0.00,0.00,-0.348742,-0.174131,0.288007,-0.456531,-0.335177,-0.257230,0.300464,-0.494721,0.083099,Proximity_Dist0.008,0.08,0.291851,0.291851,0.000000,0.000000,0.016342
1769695938.8123,1769695938.7915,1769695938.7924,1769695938.8125,0.00,0.00,-0.335178,-0.249277,0.300464,-0.494721,-0.275946,-0.223637,0.329775,-0.441372,0.059232,Proximity_Dist0.008,0.09,0.187066,0.000000,0.187066,0.000000,0.000000
1769695939.1121,1769695939.1114,1769695939.1120,1769695939.1122,0.00,0.00,-0.282811,-0.223638,0.329775,-0.446146,-0.169914,-0.177111,0.352077,-0.456376,0.112897,Proximity_Dist0.007,0.03,0.317342,0.317342,0.033858,0.008184,0.268459
1769695939.5129,1769695939.4917,1769695939.4937,1769695939.5131,0.00,0.00,-0.177933,-0.177111,0.352077,-0.456376,-0.100656,-0.048236,0.359305,-0.466955,0.128875,Proximity_Dist0.008,0.10,0.194730,0.194730,0.000000,0.000000,0.000000
1769695939.9540,1769695939.9329,1769695939.9342,1769695939.9541,0.00,0.00,-0.100655,-0.055042,0.359306,-0.466954,-0.056925,-0.182002,0.232797,-0.470760,0.126960,Proximity_Dist0.007,0.04,0.160489,0.000000,0.160489,0.000000,0.000000
1769695940.3923,1769695940.3915,1769695940.3921,1769695940.3924,0.00,0.00,-0.056926,-0.174203,0.238490,-0.470761,-0.038391,-0.193224,0.179698,-0.485631,0.058792,Proximity_Dist0.008,0.03,0.326233,0.000000,0.326233,0.284862,0.000000
1769695940.6720,1769695940.6714,1769695940.6718,1769695940.6721,0.00,0.00,-0.038390,-0.193224,0.188534,-0.485631,-0.062358,-0.289558,0.157007,-0.488329,0.096334,Proximity_Dist0.009,0.03,0.363119,0.000000,0.000000,0.363119,0.000000
1769695941.0721,1769695941.0524,1769695941.0527,1769695941.0722,0.00,0.00,-0.062357,-0.282914,0.157006,-0.488329,-0.112906,-0.227309,0.186285,-0.493147,0.055605,Proximity_Dist0.007,0.04,0.235732,0.000000,0.235732,0.000000,0.000000
1769695941.3921,1769695941.3732,1769695941.3746,1769695941.3922,0.00,0.00,-0.111894,-0.232112,0.186284,-0.493146,-0.197005,-0.220295,0.182296,-0.482958,0.085111,Proximity_Dist0.005,0.05,0.269315,0.152401,0.269315,0.000000,0.000000
1769695941.7323,1769695941.7131,1769695941.7137,1769695941.7325,0.00,0.00,-0.187766,-0.220295,0.182296,-0.482959,-0.168464,-0.244186,0.192905,-0.452381,0.030578,Proximity_Dist0.009,0.06,0.215747,0.215747,0.000000,0.000000,0.000000
1769695941.9529,1769695941.9314,1769695941.9335,1769695941.9531,0.00,0.00,-0.176212,-0.240052,0.192906,-0.460682,-0.117833,-0.277123,0.163066,-0.432568,0.058380,Proximity_Dist0.008,0.04,0.189043,0.176451,0.136881,0.002104,0.189043
1769695942.2321,1769695942.2116,1769695942.2125,1769695942.2322,0.00,0.00,-0.125772,-0.276465,0.163231,-0.432568,-0.209049,-0.283007,0.163601,-0.486294,0.083278,Proximity_Dist0.008,0.04,0.189970,0.189970,0.068518,0.043769,0.000000
1769695942.6126,1769695942.5915,1769695942.5932,1769695942.6127,0.00,0.00,-0.202383,-0.283007,0.163602,-0.486294,-0.184429,-0.230645,0.156554,-0.444907,0.052361,Proximity_Dist0.007,0.04,0.168777,0.168777,0.000000,0.000000,0.000000
1769695942.8928,1769695942.8721,1769695942.8737,1769695942.8940,0.00,0.00,-0.184429,-0.237725,0.156554,-0.447002,-0.228272,-0.288930,0.157048,-0.485811,0.051206,Proximity_Dist0.007,1.09,0.189333,0.000000,0.189333,0.000000,0.113282
1769695943.1924,1769695943.1725,1769695943.1734,1769695943.1925,0.00,0.00,-0.227609,-0.283174,0.157048,-0.485642,-0.270466,-0.337931,0.207273,-0.476039,0.054757,Proximity_Dist0.006,0.03,0.300845,0.139797,0.300845,0.000000,0.098690
1769695943.4724,1769695943.4514,1769695943.4534,1769695943.4725,0.00,0.00,-0.267236,-0.332784,0.200483,-0.476039,-0.352679,-0.255058,0.244227,-0.499245,0.085442,Proximity_Dist0.007,0.04,0.181752,0.130637,0.165865,0.181752,0.000000
1769695943.8137,1769695943.7922,1769695943.7939,1769695943.8137,0.00,0.00,-0.343647,-0.264162,0.244227,-0.499246,-0.374217,-0.234965,0.290633,-0.487581,0.046406,Proximity_Dist0.009,0.04,0.350027,0.347233,0.350027,0.000000,0.000000
1769695944.0922,1769695944.0714,1769695944.0722,1769695944.0923,0.00,0.00,-0.374218,-0.234965,0.281570,-0.487580,-0.490604,-0.250721,0.215181,-0.500000,0.116386,Proximity_Dist0.009,0.04,0.197643,0.008339,0.000000,0.197643,0.000000
1769695944.5134,1769695944.4921,1769695944.4934,1769695944.5135,0.00,0.00,-0.483793,-0.250722,0.215182,-0.500000,-0.436316,-0.276080,0.213897,-0.431785,0.068216,Proximity_Dist0.007,0.04,0.294264,0.294264,0.000000,0.007899,0.000000
1769695944.8321,1769695944.8315,1769695944.8319,1769695944.8322,0.00,0.00,-0.438885,-0.276080,0.213897,-0.439733,-0.372159,-0.232474,0.225835,-0.436614,0.066726,Proximity_Dist0.008,0.04,0.307555,0.190315,0.000000,0.000000,0.307555
1769695945.1525,1769695945.1321,1769695945.1325,1769695945.1526,0.00,0.00,-0.377109,-0.232516,0.225835,-0.436613,-0.386891,-0.246114,0.194520,-0.480141,0.043528,Proximity_Dist0.005,0.04,0.275125,0.275125,0.071849,0.000000,0.000000
1769695945.4152,1769695945.3921,1769695945.3925,1769695945.4153,0.00,0.00,-0.386891,-0.246114,0.194911,-0.475164,-0.410215,-0.309383,0.213131,-0.441102,0.063269,Proximity_Dist0.005,0.04,0.239883,0.000000,0.000000,0.103027,0.239883
1769695945.7126,1769695945.6940,1769695945.6956,1769695945.7128,0.00,0.00,-0.410215,-0.301474,0.213131,-0.441264,-0.385734,-0.321257,0.143789,-0.449621,0.069342,Proximity_Dist0.008,0.10,0.342160,0.000000,0.342160,0.000000,0.093271
1769695946.0330,1769695946.0123,1769695946.0133,1769695946.0331,0.00,0.00,-0.385733,-0.321258,0.151869,-0.449621,-0.426974,-0.299764,0.125541,-0.490161,0.041240,Proximity_Dist0.008,0.04,0.191913,0.000000,0.000000,0.191913,0.000000
1769695946.2770,1769695946.2515,1769695946.2518,1769695946.2771,0.00,0.00,-0.417388,-0.300142,0.125582,-0.480737,-0.421866,-0.323458,0.175752,-0.494483,0.050170,Proximity_Dist0.010,0.04,0.298017,0.298017,0.092291,0.056730,0.292947
1769695946.5730,1769695946.5521,1769695946.5572,1769695946.5732,0.00,0.00,-0.421865,-0.323458,0.168964,-0.494483,-0.456176,-0.292922,0.173356,-0.415524,0.078959,Proximity_Dist0.007,0.05,0.214181,0.000000,0.000000,0.214181,0.000000
1769695946.9122,1769695946.9114,1769695946.9121,1769695946.9123,0.00,0.00,-0.456177,-0.292922,0.173355,-0.423576,-0.440146,-0.336554,0.093107,-0.431469,0.080248,Proximity_Dist0.008,0.03,0.189484,0.000000,0.000000,0.000000,0.189484
1769695947.2521,1769695947.2315,1769695947.2332,1769695947.2522,0.00,0.00,-0.440146,-0.336554,0.101290,-0.431470,-0.413505,-0.330411,0.106735,-0.451656,0.026641,Proximity_Dist0.008,0.05,0.358098,0.000000,0.019293,0.358098,0.000000
1769695947.4521,1769695947.4322,1769695947.4330,1769695947.4522,0.00,0.00,-0.422755,-0.330410,0.105726,-0.446886,-0.449272,-0.320357,0.096823,-0.429539,0.026517,Proximity_Dist0.009,0.04,0.271841,0.207872,0.000000,0.154437,0.271841
1769695947.6934,1769695947.6743,1769695947.6748,1769695947.6936,0.00,0.00,-0.441324,-0.320357,0.096822,-0.430231,-0.382360,-0.220811,0.093776,-0.500000,0.099546,Proximity_Dist0.008,0.05,0.317146,0.317146,0.000000,0.000000,0.133084
1769695948.0720,1769695948.0714,1769695948.0718,1769695948.0720,0.00,0.00,-0.382718,-0.229954,0.093777,-0.499623,-0.482800,-0.236502,0.146150,-0.494759,0.100082,Proximity_Dist0.009,0.04,0.288616,0.083113,0.288616,0.000000,0.087520
1769695948.4722,1769695948.4715,1769695948.4720,1769695948.4723,0.00,0.00,-0.475872,-0.236503,0.146150,-0.494759,-0.500000,-0.212524,0.192719,-0.441042,0.053717,Proximity_Dist0.007,0.04,0.177875,0.177875,0.000000,0.000000,0.000000
1769695948.7528,1769695948.7314,1769695948.7318,1769695948.7529,0.00,0.00,-0.500000,-0.212524,0.187828,-0.449981,-0.467609,-0.186350,0.255973,-0.414253,0.068145,Proximity_Dist0.009,0.05,0.334240,0.000000,0.007977,0.262335,0.334240
1769695949.0724,1769695949.0522,1769695949.0553,1769695949.0725,0.00,0.00,-0.467609,-0.186351,0.248067,-0.414252,-0.486553,-0.128138,0.170142,-0.369939,0.077925,Proximity_Dist0.008,0.04,0.216034,0.002332,0.000000,0.216034,0.000000
1769695949.4338,1769695949.4115,1769695949.4144,1769695949.4339,0.00,0.00,-0.486554,-0.128498,0.179009,-0.369940,-0.482977,-0.092297,0.178639,-0.333772,0.036201,Proximity_Dist0.009,0.04,0.352438,0.000000,0.112220,0.352438,0.000000
1769695949.6721,1769695949.6714,1769695949.6720,1769695949.6723,0.00,0.00,-0.482976,-0.100261,0.178640,-0.341809,-0.396982,-0.050527,0.168899,-0.290299,0.085994,Proximity_Dist0.008,0.04,0.289527,0.000000,0.286914,0.000000,0.289527
1769695950.0541,1769695950.0321,1769695950.0334,1769695950.0542,0.00,0.00,-0.402668,-0.050527,0.168899,-0.290299,-0.324788,-0.089368,0.217640,-0.284259,0.077879,Proximity_Dist0.006,0.04,0.210272,0.210272,0.000000,0.000000,0.000000
1769695950.3935,1769695950.3722,1769695950.3739,1769695950.3936,0.00,0.00,-0.330564,-0.089368,0.217641,-0.284258,-0.374781,-0.031982,0.248753,-0.208912,0.075346,Proximity_Dist0.006,0.04,0.225078,0.225078,0.000000,0.033920,0.000000
1769695950.7136,1769695950.6919,1769695950.6951,1769695950.7137,0.00,0.00,-0.374142,-0.034500,0.248753,-0.217117,-0.466661,-0.067633,0.285649,-0.175236,0.092520,Proximity_Dist0.008,0.04,0.207604,0.070385,0.119645,0.000000,0.207604
1769695951.0922,1769695951.0714,1769695951.0747,1769695951.0924,0.00,0.00,-0.459945,-0.067633,0.285649,-0.175236,-0.426013,-0.101857,0.232432,-0.199381,0.053217,Proximity_Dist0.007,0.04,0.173153,0.173153,0.000000,0.000000,0.000000
1769695951.3727,1769695951.3548,1769695951.3571,1769695951.3728,0.00,0.00,-0.427062,-0.101815,0.239085,-0.199381,-0.439305,-0.088110,0.224112,-0.203880,0.014972,Proximity_Dist0.007,0.04,0.299108,0.154404,0.073407,0.299108,0.000000
1769695951.5129,1769695951.4914,1769695951.4919,1769695951.5131,0.00,0.00,-0.431675,-0.096000,0.228272,-0.203146,-0.441704,-0.097232,0.199613,-0.183635,0.028659,Proximity_Dist0.008,0.05,0.185171,0.179035,0.185171,0.101669,0.072607
1769695951.7327,1769695951.7119,1769695951.7176,1769695951.7328,0.00,0.00,-0.441704,-0.097232,0.204742,-0.186838,-0.402769,-0.066644,0.139469,-0.181597,0.065273,Proximity_Dist0.005,0.04,0.279979,0.000000,0.008927,0.279979,0.222500
1769695952.0333,1769695952.0117,1769695952.0143,1769695952.0334,0.00,0.00,-0.402931,-0.066644,0.145409,-0.181596,-0.386829,-0.035965,0.155185,-0.104577,0.077019,Proximity_Dist0.006,0.04,0.216940,0.060437,0.000000,0.216940,0.000000
1769695952.3725,1769695952.3514,1769695952.3523,1769695952.3726,0.00,0.00,-0.386830,-0.035964,0.155184,-0.111349,-0.370920,-0.091649,0.122873,-0.058928,0.055684,Proximity_Dist0.007,0.04,0.171902,0.000000,0.000000,0.000000,0.171902
1769695952.6521,1769695952.6315,1769695952.6335,1769695952.6522,0.00,0.00,-0.370921,-0.082382,0.123236,-0.063722,-0.342354,-0.045121,0.143401,-0.114005,0.050283,Proximity_Dist0.009,0.04,0.217122,0.000000,0.217122,0.058068,0.158253
1769695952.9521,1769695952.9314,1769695952.9361,1769695952.9522,0.00,0.00,-0.342353,-0.048393,0.143401,-0.107120,-0.397510,-0.088990,0.199975,-0.098836,0.056574,Proximity_Dist0.007,0.04,0.219182,0.009788,0.157356,0.000000,0.219182
1769695953.2334,1769695953.2115,1769695953.2118,1769695953.2335,0.00,0.00,-0.389515,-0.086336,0.191773,-0.098836,-0.489181,-0.118194,0.096934,-0.111029,0.099666,Proximity_Dist0.008,0.04,0.250246,0.243985,0.154977,0.250246,0.000000
1769695953.6352,1769695953.6115,1769695953.6120,1769695953.6353,0.00,0.00,-0.486643,-0.118194,0.102658,-0.111029,-0.452484,-0.052655,0.103160,-0.115272,0.065539,Proximity_Dist0.006,0.04,0.193035,0.137523,0.000000,0.193035,0.000000
1769695953.9323,1769695953.9119,1769695953.9136,1769695953.9324,0.00,0.00,-0.452525,-0.062059,0.103159,-0.115272,-0.483892,-0.128865,0.099357,-0.121825,0.066806,Proximity_Dist0.009,0.04,0.298819,0.052492,0.298819,0.000000,0.000000
1769695954.2926,1769695954.2715,1769695954.2718,1769695954.2927,0.00,0.00,-0.483893,-0.122164,0.099356,-0.121826,-0.435390,-0.047403,0.068132,-0.031584,0.090241,Proximity_Dist0.007,0.04,0.186956,0.000000,0.186956,0.000000,0.000000
1769695954.6525,1769695954.6318,1769695954.6326,1769695954.6526,0.00,0.00,-0.435390,-0.052216,0.068132,-0.038586,-0.457300,-0.055119,0.033290,0.002812,0.041397,Proximity_Dist0.007,0.04,0.178821,0.000000,0.147989,0.000000,0.178821
1769695954.8922,1769695954.8716,1769695954.8723,1769695954.8923,0.00,0.00,-0.456914,-0.055119,0.039966,-0.002391,-0.489474,-0.027628,-0.068628,0.088835,0.108595,Proximity_Dist0.007,0.04,0.170658,0.057371,0.000000,0.170658,0.160119
1769695955.2721,1769695955.2515,1769695955.2536,1769695955.2723,0.00,0.00,-0.489474,-0.027627,-0.059781,0.085636,-0.490458,-0.023311,-0.080478,-0.036427,0.122063,Proximity_Dist0.009,0.05,0.284517,0.000000,0.000000,0.284517,0.184925
1769695955.7125,1769695955.6922,1769695955.6966,1769695955.7126,0.00,0.00,-0.490458,-0.023311,-0.080479,-0.030497,-0.471173,-0.064838,-0.130974,-0.088193,0.057695,Proximity_Dist0.006,0.04,0.300321,0.000000,0.000000,0.000000,0.300321
1769695955.9927,1769695955.9715,1769695955.9754,1769695955.9941,0.00,0.00,-0.471173,-0.063293,-0.125156,-0.082230,-0.499918,-0.155943,-0.045316,-0.014734,0.092650,Proximity_Dist0.006,0.05,0.000000,0.000000,0.000000,0.000000,0.000000
1769695956.3537,1769695956.3328,1769695956.3333,1769695956.3538,0.00,0.00,-0.499918,-0.147077,-0.051962,-0.016734,-0.462653,-0.171136,-0.004657,0.000324,0.047305,Proximity_Dist0.009,0.04,0.260576,0.000000,0.260576,0.229468,0.142870
1769695956.6128,1769695956.5915,1769695956.5941,1769695956.6129,0.00,0.00,-0.469794,-0.171137,-0.014107,0.000323,-0.500000,-0.175310,-0.004113,-0.059396,0.059719,Proximity_Dist0.009,0.04,0.276129,0.245075,0.002173,0.276129,0.002153
1769695956.9165,1769695956.8914,1769695956.8938,1769695956.9166,0.00,0.00,-0.499619,-0.175311,-0.004114,-0.050180,-0.482596,-0.243245,-0.021972,-0.040083,0.067934,Proximity_Dist0.009,0.04,0.228551,0.069492,0.000000,0.000000,0.228551
1769695957.2521,1769695957.2335,1769695957.2352,1769695957.2522,0.00,0.00,-0.482596,-0.237429,-0.021972,-0.040083,-0.480675,-0.309190,-0.038184,-0.037679,0.071761,Proximity_Dist0.006,0.04,0.293794,0.000000,0.293794,0.000000,0.000000
1769695957.5530,1769695957.5314,1769695957.5323,1769695957.5531,0.00,0.00,-0.480674,-0.300947,-0.038184,-0.037680,-0.442381,-0.335886,0.026603,-0.018606,0.064787,Proximity_Dist0.008,0.04,0.331508,0.000000,0.331508,0.000000,0.000000
1769695957.8739,1769695957.8520,1769695957.8533,1769695957.8741,0.00,0.00,-0.442382,-0.335885,0.020653,-0.018605,-0.489178,-0.381663,0.019510,-0.109491,0.090886,Proximity_Dist0.006,0.04,0.286013,0.047213,0.000000,0.286013,0.000000
1769695958.2323,1769695958.2314,1769695958.2321,1769695958.2324,0.00,0.00,-0.489177,-0.381663,0.019511,-0.100647,-0.443577,-0.341066,-0.007708,-0.192793,0.092146,Proximity_Dist0.009,0.03,0.340390,0.000000,0.000000,0.000000,0.340390
1769695958.5932,1769695958.5718,1769695958.5736,1769695958.5933,0.00,0.00,-0.443577,-0.341065,-0.007707,-0.183641,-0.439819,-0.315600,0.013511,-0.210583,0.026942,Proximity_Dist0.009,0.04,0.201223,0.007912,0.000000,0.000000,0.201223
1769695958.8122,1769695958.7915,1769695958.7935,1769695958.8133,0.00,0.00,-0.439819,-0.322241,0.010154,-0.208646,-0.407850,-0.304499,-0.051274,-0.201128,0.061428,Proximity_Dist0.007,0.07,0.000000,0.000000,0.000000,0.000000,0.000000
1769695959.1146,1769695959.0927,1769695959.0934,1769695959.1148,0.00,0.00,-0.407850,-0.304499,-0.041978,-0.201128,-0.376325,-0.245787,-0.043321,-0.167548,0.058712,Proximity_Dist0.009,0.04,0.249991,0.016001,0.000000,0.249991,0.000000
1769695959.4131,1769695959.3922,1769695959.3926,1769695959.4132,0.00,0.00,-0.376324,-0.253679,-0.043321,-0.167548,-0.375190,-0.251073,-0.044186,-0.090290,0.077258,Proximity_Dist0.008,0.04,0.318331,0.047199,0.318331,0.000000,0.050275
1769695959.7725,1769695959.7527,1769695959.7530,1769695959.7726,0.00,0.00,-0.375190,-0.251073,-0.044187,-0.097083,-0.394165,-0.252870,-0.097467,-0.032956,0.064126,Proximity_Dist0.007,0.04,0.172916,0.000000,0.000000,0.000000,0.172916
1769695960.0741,1769695960.0532,1769695960.0551,1769695960.0742,0.00,0.00,-0.394165,-0.252870,-0.093527,-0.038620,-0.351221,-0.257935,-0.083550,-0.066136,0.042945,Proximity_Dist0.006,0.04,0.259638,0.000000,0.000000,0.224319,0.259638
1769695960.3334,1769695960.3153,1769695960.3178,1769695960.3335,0.00,0.00,-0.358081,-0.257935,-0.083551,-0.064104,-0.387785,-0.234779,-0.050779,-0.109981,0.045877,Proximity_Dist0.007,0.04,0.218795,0.218795,0.000000,0.000000,0.131052
1769695960.5921,1769695960.5742,1769695960.5751,1769695960.5922,0.00,0.00,-0.385133,-0.234778,-0.052253,-0.104013,-0.346783,-0.219943,0.003988,-0.069078,0.056242,Proximity_Dist0.006,0.04,0.342906,0.248405,0.057158,0.198706,0.342906
1769695960.8742,1769695960.8521,1769695960.8526,1769695960.8743,0.00,0.00,-0.348308,-0.219943,-0.003951,-0.070600,-0.341017,-0.185151,-0.058459,-0.089447,0.054508,Proximity_Dist0.008,0.05,0.237105,0.123969,0.000000,0.237105,0.123663
1769695961.1920,1769695961.1915,1769695961.1919,1769695961.1921,0.00,0.00,-0.341016,-0.185152,-0.050654,-0.089446,-0.347088,-0.221580,-0.111883,-0.061716,0.061229,Proximity_Dist0.008,0.04,0.198021,0.000000,0.018980,0.198021,0.000000
1769695961.4751,1769695961.4515,1769695961.4518,1769695961.4752,0.00,0.00,-0.347088,-0.220547,-0.102992,-0.061717,-0.376515,-0.293250,-0.117248,-0.085699,0.072702,Proximity_Dist0.009,0.05,0.232455,0.000000,0.100048,0.232455,0.016660
1769695961.8120,1769695961.8114,1769695961.8118,1769695961.8120,0.00,0.00,-0.376515,-0.286521,-0.117248,-0.085699,-0.366054,-0.225282,-0.093712,-0.004954,0.080745,Proximity_Dist0.007,0.03,0.181349,0.000000,0.181349,0.000000,0.000000
1769695962.1721,1769695962.1528,1769695962.1548,1769695962.1722,0.00,0.00,-0.366055,-0.226737,-0.093712,-0.010631,-0.342270,-0.216535,-0.114936,0.015727,0.026358,Proximity_Dist0.006,0.04,0.220516,0.000000,0.129150,0.000000,0.220516
1769695962.3539,1769695962.3336,1769695962.3341,1769695962.3540,0.00,0.00,-0.351529,-0.216578,-0.107931,0.008901,-0.305729,-0.220493,-0.051445,-0.002042,0.056486,Proximity_Dist0.009,0.04,0.180331,0.131685,0.032804,0.180331,0.175705
1769695962.6721,1769695962.6514,1769695962.6518,1769695962.6722,0.00,0.00,-0.305729,-0.220493,-0.058288,-0.002042,-0.369013,-0.171026,-0.079832,0.004891,0.063284,Proximity_Dist0.007,0.04,0.312785,0.033034,0.000000,0.312785,0.000000
1769695962.9926,1769695962.9720,1769695962.9725,1769695962.9927,0.00,0.00,-0.363201,-0.172451,-0.079831,0.004892,-0.329199,-0.144257,-0.070052,-0.023937,0.034002,Proximity_Dist0.006,0.04,0.220417,0.220417,0.123498,0.000000,0.000000
1769695963.2320,1769695963.2116,1769695963.2120,1769695963.2321,0.00,0.00,-0.336150,-0.145289,-0.070052,-0.021981,-0.304156,-0.175992,-0.043715,-0.042422,0.031993,Proximity_Dist0.007,0.04,0.320609,0.320609,0.155815,0.000000,0.190765
1769695963.4527,1769695963.4317,1769695963.4335,1769695963.4529,0.00,0.00,-0.307666,-0.167066,-0.048633,-0.041395,-0.334860,-0.137753,-0.047065,0.008506,0.049901,Proximity_Dist0.009,0.04,0.201817,0.140265,0.201817,0.156647,0.082326
1769695963.7322,1769695963.7315,1769695963.7321,1769695963.7323,0.00,0.00,-0.334478,-0.140953,-0.047065,-0.000660,-0.361654,-0.139596,-0.059924,-0.085264,0.084604,Proximity_Dist0.009,0.03,0.207906,0.059183,0.128276,0.000000,0.207906
1769695964.1130,1769695964.0916,1769695964.0933,1769695964.1131,0.00,0.00,-0.361655,-0.139597,-0.059924,-0.078410,-0.278363,-0.036367,-0.122440,-0.074623,0.103229,Proximity_Dist0.007,0.04,0.313309,0.000000,0.000000,0.000000,0.313309
1769695964.5125,1769695964.4944,1769695964.4947,1769695964.5126,0.00,0.00,-0.279379,-0.043098,-0.122440,-0.074623,-0.127394,-0.022973,-0.130078,-0.068850,0.151986,Proximity_Dist0.007,0.04,0.169852,0.077754,0.169852,0.000000,0.000000
1769695964.9721,1769695964.9516,1769695964.9523,1769695964.9721,0.00,0.00,-0.135395,-0.022972,-0.130078,-0.068850,0.005831,-0.048589,-0.172390,-0.040757,0.141226,Proximity_Dist0.008,0.04,0.337298,0.337298,0.000000,0.000000,0.000000
1769695965.4329,1769695965.4116,1769695965.4120,1769695965.4330,0.00,0.00,-0.000866,-0.048588,-0.172390,-0.040757,-0.033988,0.040214,-0.124765,-0.009430,0.088802,Proximity_Dist0.007,0.04,0.166533,0.166533,0.000000,0.000000,0.000000
1769695965.7942,1769695965.7914,1769695965.7917,1769695965.7943,0.00,0.00,-0.033989,0.033324,-0.124765,-0.009430,-0.038742,0.117862,-0.130449,-0.055924,0.084539,Proximity_Dist0.007,0.04,0.164795,0.000000,0.164795,0.000000,0.000000
1769695966.1330,1769695966.1117,1769695966.1133,1769695966.1331,0.00,0.00,-0.038743,0.109944,-0.130449,-0.055924,-0.028569,0.250488,-0.133969,0.069232,0.140544,Proximity_Dist0.008,0.04,0.341650,0.000000,0.341650,0.000000,0.051713
1769695966.5926,1769695966.5721,1769695966.5733,1769695966.5927,0.00,0.00,-0.028569,0.243821,-0.133970,0.065899,-0.008299,0.322016,-0.208387,0.102056,0.078195,Proximity_Dist0.007,0.04,0.175902,0.000000,0.175902,0.000000,0.132847
1769695966.9133,1769695966.8953,1769695966.8978,1769695966.9134,0.00,0.00,-0.008299,0.313076,-0.199085,0.102056,0.046726,0.428922,-0.264048,0.092126,0.115846,Proximity_Dist0.009,0.04,0.219778,0.000000,0.211247,0.219778,0.000000
1769695967.3133,1769695967.2927,1769695967.2931,1769695967.3134,0.00,0.00,0.046726,0.421951,-0.264047,0.092125,0.008262,0.340308,-0.277908,-0.011045,0.103170,Proximity_Dist0.007,0.04,0.301893,0.000000,0.301893,0.000000,0.000000
1769695967.7127,1769695967.6915,1769695967.6920,1769695967.7134,0.00,0.00,0.008262,0.341772,-0.277909,-0.005313,0.077220,0.280955,-0.271893,0.056159,0.068957,Proximity_Dist0.006,0.61,0.281120,0.000000,0.168449,0.000000,0.281120
1769695968.0321,1769695968.0121,1769695968.0127,1769695968.0323,0.00,0.00,0.069185,0.285025,-0.271893,0.048328,0.080919,0.229151,-0.261661,0.092920,0.055875,Proximity_Dist0.008,0.09,0.190485,0.190485,0.140332,0.000000,0.185639
1769695968.3122,1769695968.2914,1769695968.2918,1769695968.3123,0.00,0.00,0.080919,0.237274,-0.261662,0.091419,0.136068,0.250859,-0.184618,0.079399,0.077043,Proximity_Dist0.008,0.04,0.190811,0.000000,0.190811,0.000000,0.092853
1769695968.6529,1769695968.6314,1769695968.6319,1769695968.6531,0.00,0.00,0.135415,0.250860,-0.192476,0.079399,0.174828,0.251551,-0.268917,0.030707,0.076442,Proximity_Dist0.008,0.04,0.316521,0.126887,0.000000,0.316521,0.000000
1769695969.0135,1769695968.9917,1769695968.9927,1769695969.0136,0.00,0.00,0.174828,0.251551,-0.261961,0.030707,0.286123,0.216180,-0.296713,0.013755,0.111295,Proximity_Dist0.007,0.04,0.166678,0.000000,0.000000,0.166678,0.000000
1769695969.4131,1769695969.3916,1769695969.3920,1769695969.4132,0.00,0.00,0.279253,0.216180,-0.296713,0.013755,0.285143,0.217990,-0.320014,0.078565,0.064810,Proximity_Dist0.007,0.04,0.301639,0.301639,0.000000,0.000000,0.000000
1769695969.7326,1769695969.7137,1769695969.7167,1769695969.7327,0.00,0.00,0.285143,0.217990,-0.320013,0.073563,0.261729,0.188099,-0.287839,0.028655,0.044908,Proximity_Dist0.005,0.04,0.274943,0.000000,0.000000,0.000000,0.274943
1769695970.0130,1769695970.0115,1769695970.0128,1769695970.0131,0.00,0.00,0.261730,0.188099,-0.288001,0.034404,0.231705,0.249330,-0.277656,-0.001095,0.061230,Proximity_Dist0.006,0.04,0.218579,0.000000,0.032377,0.062903,0.218579
1769695970.3136,1769695970.2921,1769695970.2929,1769695970.3138,0.00,0.00,0.231705,0.243282,-0.277656,-0.001096,0.228901,0.237576,-0.239516,-0.048188,0.047092,Proximity_Dist0.006,0.05,0.288572,0.001971,0.288572,0.000000,0.001953
1769695970.5922,1769695970.5721,1769695970.5746,1769695970.5935,0.00,0.00,0.228902,0.237576,-0.242708,-0.041280,0.210668,0.241869,-0.182921,-0.020288,0.059787,Proximity_Dist0.007,0.09,0.000000,0.000000,0.000000,0.000000,0.000000
1769695970.8737,1769695970.8515,1769695970.8518,1769695970.8739,0.00,0.00,0.210668,0.241869,-0.192340,-0.020288,0.214033,0.234916,-0.184727,-0.049769,0.029482,Proximity_Dist0.009,0.04,0.190539,0.000000,0.000000,0.190539,0.007919
1769695971.0921,1769695971.0726,1769695971.0731,1769695971.0922,0.00,0.00,0.214033,0.234916,-0.184727,-0.040582,0.224009,0.255747,-0.203635,-0.048473,0.020831,Proximity_Dist0.009,0.04,0.210651,0.000000,0.000000,0.000000,0.210651
1769695971.2731,1769695971.2515,1769695971.2531,1769695971.2733,0.00,0.00,0.222979,0.246594,-0.196534,-0.048473,0.195461,0.254273,-0.186326,-0.067329,0.027518,Proximity_Dist0.009,0.04,0.116058,0.079303,0.062216,0.116058,0.000000
1769695971.4924,1769695971.4722,1769695971.4731,1769695971.4925,0.00,0.00,0.203211,0.254274,-0.187033,-0.065821,0.196132,0.227430,-0.153998,-0.002809,0.063012,Proximity_Dist0.008,0.04,0.332586,0.332586,0.000000,0.146306,0.181570
1769695971.8145,1769695971.7934,1769695971.7956,1769695971.8146,0.00,0.00,0.196131,0.227430,-0.153997,-0.010875,0.216221,0.205570,-0.222478,0.018904,0.068480,Proximity_Dist0.008,0.04,0.335723,0.000000,0.000000,0.017984,0.335723
1769695972.1324,1769695972.1114,1769695972.1123,1769695972.1326,0.00,0.00,0.216222,0.205570,-0.213317,0.018904,0.265175,0.262125,-0.152501,0.098753,0.079850,Proximity_Dist0.009,0.05,0.198360,0.000000,0.000000,0.198360,0.000000
1769695972.4929,1769695972.2721,1769695972.2742,1769695972.4930,0.00,0.00,0.265175,0.261748,-0.155871,0.091733,0.344469,0.244535,-0.155064,0.199710,0.107977,Proximity_Dist0.007,0.04,0.174103,0.008187,0.054402,0.126247,0.174103
1769695978.6340,1769695978.6240,1769695978.6249,1769695978.6344,0.00,0.00,0.344469,0.244535,-0.155064,0.199709,0.000000,0.000000,0.000000,0.000000,0.344469,Proximity_Dist0.000,0.15,0.000000,0.000000,0.000000,0.000000,0.000000
1769695986.6526,1769695986.6371,1769695986.6376,1769695986.6528,0.00,0.00,0.000000,-0.000000,-0.000000,0.000000,1.867502,0.000000,0.000000,0.000000,1.867502,Proximity_Dist0.000,0.06,0.000000,0.000000,0.000000,0.000000,0.000000
1769695988.3928,1769695988.3722,1769695988.3751,1769695988.3962,0.00,0.00,1.860866,-0.000000,-0.000000,0.000000,2.792525,0.000000,0.000000,0.000000,0.931659,Proximity_Dist0.007,3.22,0.181859,0.181859,0.000000,0.000000,0.000000
1769696001.3341,1769696001.3119,1769696001.3132,1769696001.3342,0.00,0.00,2.792525,-0.000000,-0.000000,0.000000,2.635447,0.000000,0.000000,0.000000,0.157078,Proximity_Dist0.000,0.05,0.000000,0.000000,0.000000,0.000000,0.000000
1769696001.7529,1769696001.7310,1769696001.7317,1769696001.7535,0.00,0.00,2.642303,-0.000000,-0.000000,0.000000,-2.792525,0.000000,0.000000,0.000000,5.434828,Proximity_Dist0.007,0.54,0.301231,0.301231,0.000000,0.000000,0.000000
1769696006.8720,1769696006.8540,1769696006.8543,1769696006.8722,0.00,0.00,-2.792525,-0.000000,-0.000000,0.000000,-2.251475,0.000000,0.000000,0.000000,0.541050,Proximity_Dist0.000,0.05,0.000000,0.000000,0.000000,0.000000,0.000000
1769696007.6921,1769696007.6710,1769696007.6713,1769696007.6922,0.00,0.00,-2.259360,-0.000000,-0.000000,0.000000,0.069813,0.000000,0.000000,0.000000,2.329174,Proximity_Dist0.008,0.04,0.195793,0.195793,0.000000,0.000000,0.000000
1769696009.7920,1769696009.7911,1769696009.7917,1769696009.7921,0.00,0.00,0.063177,-0.000000,-0.000000,0.000000,0.174533,0.000000,0.000000,0.000000,0.111356,Proximity_Dist0.007,0.05,0.236347,0.236347,0.000000,0.000000,0.000000
1769696010.1920,1769696010.1902,1769696010.1905,1769696010.1921,0.00,0.00,0.166614,-0.000000,-0.000000,0.000000,0.558505,0.000000,0.000000,0.000000,0.391891,Proximity_Dist0.008,0.04,0.188766,0.188766,0.000000,0.000000,0.000000
1769696010.9324,1769696010.9127,1769696010.9152,1769696010.9325,0.00,0.00,0.550602,-0.000000,-0.000000,0.000000,0.575959,0.000000,0.000000,0.000000,0.025357,Proximity_Dist0.008,0.04,0.328208,0.328208,0.000000,0.000000,0.000000
1769696012.1722,1769696012.1717,1769696012.1720,1769696012.1722,0.00,0.00,0.575959,-0.000000,-0.000000,0.000000,0.558505,0.000000,0.000000,0.000000,0.017453,Proximity_Dist0.000,0.03,0.000000,0.000000,0.000000,0.000000,0.000000
1769696012.4325,1769696012.4118,1769696012.4131,1769696012.4326,0.00,0.00,0.558505,-0.000000,-0.000000,0.000000,0.541052,0.000000,0.000000,0.000000,0.017453,Proximity_Dist0.000,0.03,0.000000,0.000000,0.000000,0.000000,0.000000
1769696012.9721,1769696012.9715,1769696012.9719,1769696012.9722,0.00,0.00,0.541052,-0.000000,-0.000000,0.000000,0.558505,0.000000,0.000000,0.000000,0.017453,Proximity_Dist0.000,0.03,0.000000,0.000000,0.000000,0.000000,0.000000
1769696013.4131,1769696013.3951,1769696013.3955,1769696013.4132,0.00,0.00,0.558505,-0.000000,-0.000000,0.000000,0.575959,0.000000,0.000000,0.000000,0.017453,Proximity_Dist0.000,0.04,0.000000,0.000000,0.000000,0.000000,0.000000
1769696013.5121,1769696013.4904,1769696013.4908,1769696013.5122,0.00,0.00,0.568434,-0.000000,-0.000000,0.000000,0.593412,0.000000,0.000000,0.000000,0.024978,Proximity_Dist0.008,0.04,0.183975,0.183975,0.000000,0.000000,0.000000
1769696013.6727,1769696013.6529,1769696013.6545,1769696013.6728,0.00,0.00,0.584685,-0.000000,-0.000000,0.000000,0.610865,0.000000,0.000000,0.000000,0.026180,Proximity_Dist0.009,0.04,0.114039,0.114039,0.000000,0.000000,0.000000
1769696014.4746,1769696014.4542,1769696014.4550,1769696014.4747,0.00,0.00,0.610865,-0.000000,-0.000000,0.000000,0.558505,0.000000,0.000000,0.000000,0.052360,Proximity_Dist0.000,0.04,0.000000,0.000000,0.000000,0.000000,0.000000
1769696014.6922,1769696014.6741,1769696014.6788,1769696014.6923,0.00,0.00,0.565584,-0.000000,-0.000000,0.000000,0.453786,0.000000,0.000000,0.000000,0.111799,Proximity_Dist0.007,0.05,0.402192,0.402192,0.000000,0.000000,0.000000
1769696015.0944,1769696015.0707,1769696015.0712,1769696015.0945,0.00,0.00,0.460613,-0.000000,-0.000000,0.000000,0.157080,0.000000,0.000000,0.000000,0.303534,Proximity_Dist0.007,0.05,0.185224,0.185224,0.000000,0.000000,0.000000
1769696015.7522,1769696015.7321,1769696015.7339,1769696015.7523,0.00,0.00,0.164894,-0.000000,-0.000000,0.000000,0.017453,0.000000,0.000000,0.000000,0.147441,Proximity_Dist0.008,0.04,0.193830,0.193830,0.000000,0.000000,0.000000
1769696016.2741,1769696016.2544,1769696016.2549,1769696016.2743,0.00,0.00,0.018443,-0.000000,-0.000000,0.000000,0.034907,0.000000,0.000000,0.000000,0.016464,Proximity_Dist0.001,0.04,0.072096,0.072096,0.000000,0.000000,0.000000
1769696017.3521,1769696017.3512,1769696017.3519,1769696017.3521,0.00,0.00,0.034907,-0.000000,-0.000000,0.000000,0.017453,0.000000,0.000000,0.000000,0.017453,Proximity_Dist0.000,0.03,0.000000,0.000000,0.000000,0.000000,0.000000
1769696017.6535,1769696017.6349,1769696017.6353,1769696017.6539,0.00,0.00,0.017453,-0.000000,-0.000000,0.000000,0.000000,0.000000,0.000000,0.000000,0.017453,Proximity_Dist0.000,0.06,0.000000,0.000000,0.000000,0.000000,0.000000
1769696026.2923,1769696026.2907,1769696026.2914,1769696026.2924,0.00,0.00,0.000000,-0.000000,-0.000000,0.000000,0.000000,0.226893,0.000000,0.000000,0.226893,Proximity_Dist0.000,0.03,0.000000,0.000000,0.000000,0.000000,0.000000
1769696026.8142,1769696026.7969,1769696026.8004,1769696026.8143,0.00,0.00,0.000000,0.221077,-0.000000,0.000000,0.000000,1.047198,0.000002,0.000000,0.826120,Proximity_Dist0.006,0.04,0.237232,0.000000,0.237232,0.000000,0.000000
1769696028.2521,1769696028.2310,1769696028.2323,1769696028.2522,0.00,0.00,0.000000,1.047198,-0.000000,0.000000,0.000000,0.907571,0.000000,0.000000,0.139626,Proximity_Dist0.000,0.05,0.000000,0.000000,0.000000,0.000000,0.000000
1769696028.6525,1769696028.6331,1769696028.6338,1769696028.6533,0.00,0.00,0.000000,0.913270,-0.000000,0.000000,0.000000,-0.436331,0.000000,0.000000,1.349601,Proximity_Dist0.006,0.39,0.283067,0.000000,0.283067,0.000000,0.000000
1769696030.4729,1769696030.4515,1769696030.4524,1769696030.4730,0.00,0.00,0.000000,-0.436331,-0.000000,0.000000,0.000000,-0.401426,0.000000,0.000000,0.034905,Proximity_Dist0.000,0.05,0.000000,0.000000,0.000000,0.000000,0.000000
1769696030.6529,1769696030.6511,1769696030.6514,1769696030.6530,0.00,0.00,0.000000,-0.407124,-0.000000,0.000000,0.000000,0.383972,0.000000,0.000000,0.791097,Proximity_Dist0.006,0.04,0.280000,0.000000,0.280000,0.000000,0.000000
1769696033.1321,1769696033.1138,1769696033.1144,1769696033.1322,0.00,0.00,0.000000,0.383972,-0.000000,0.000000,0.000000,0.366519,0.000000,0.000000,0.017453,Proximity_Dist0.000,0.04,0.000000,0.000000,0.000000,0.000000,0.000000
1769696033.2133,1769696033.1913,1769696033.1916,1769696033.2141,0.00,0.00,0.000000,0.376448,-0.000000,0.000000,0.000000,0.314159,0.000000,0.000000,0.062289,Proximity_Dist0.010,0.04,0.144430,0.000000,0.144430,0.000000,0.000000
1769696033.5141,1769696033.4934,1769696033.4938,1769696033.5142,0.00,0.00,0.000000,0.321238,-0.000000,0.000000,0.000000,0.226893,0.000000,0.000000,0.094346,Proximity_Dist0.007,0.04,0.296432,0.000000,0.296432,0.000000,0.000000
1769696034.0322,1769696034.0112,1769696034.0133,1769696034.0323,0.00,0.00,0.000000,0.226893,-0.000000,0.000000,0.000000,0.209440,0.000000,0.000000,0.017453,Proximity_Dist0.000,0.04,0.000000,0.000000,0.000000,0.000000,0.000000
1769696034.1123,1769696034.0912,1769696034.0916,1769696034.1124,0.00,0.00,0.000000,0.218166,-0.000000,0.000000,0.000000,0.174533,0.000000,0.000000,0.043633,Proximity_Dist0.009,0.04,0.253647,0.000000,0.253647,0.000000,0.000000
1769696034.7541,1769696034.7348,1769696034.7378,1769696034.7546,0.00,0.00,0.000000,0.174533,-0.000000,0.000000,0.000000,0.139626,0.000000,0.000000,0.034907,Proximity_Dist0.000,0.05,0.000000,0.000000,0.000000,0.000000,0.000000
1769696035.3759,1769696035.3563,1769696035.3594,1769696035.3760,0.00,0.00,0.000000,0.139626,-0.000000,0.000000,0.000000,0.122173,0.000000,0.000000,0.017453,Proximity_Dist0.000,0.03,0.000000,0.000000,0.000000,0.000000,0.000000
1769696035.4722,1769696035.4534,1769696035.4553,1769696035.4723,0.00,0.00,0.000000,0.130900,-0.000000,0.000000,0.000000,0.104720,0.000000,0.000000,0.026180,Proximity_Dist0.009,0.04,0.115434,0.000000,0.115434,0.000000,0.000000
1769696035.6322,1769696035.6316,1769696035.6320,1769696035.6323,0.00,0.00,0.000000,0.113446,-0.000000,0.000000,0.000000,0.087266,0.000000,0.000000,0.026180,Proximity_Dist0.009,0.03,0.166219,0.000000,0.166219,0.000000,0.000000
1769696035.7921,1769696035.7781,1769696035.7785,1769696035.7922,0.00,0.00,0.000000,0.095993,-0.000000,0.000000,0.000000,0.069813,0.000000,0.000000,0.026180,Proximity_Dist0.009,0.04,0.215549,0.000000,0.215549,0.000000,0.000000
1769696035.9520,1769696035.9298,1769696035.9311,1769696035.9521,0.00,0.00,0.000000,0.079742,-0.000000,0.000000,0.000000,0.034907,0.000000,0.000000,0.044835,Proximity_Dist0.010,0.03,0.181322,0.000000,0.181322,0.000000,0.000000
1769696036.2132,1769696036.1902,1769696036.1906,1769696036.2133,0.00,0.00,0.000000,0.040606,-0.000000,0.000000,0.000000,0.000000,0.000000,0.000000,0.040606,Proximity_Dist0.006,0.04,0.273067,0.000000,0.273067,0.000000,0.000000
1769696038.5721,1769696038.5551,1769696038.5560,1769696038.5722,0.00,0.00,0.000000,0.000000,-0.000000,0.000000,0.000000,0.000000,0.017453,0.000000,0.017453,Proximity_Dist0.000,0.04,0.000000,0.000000,0.000000,0.000000,0.000000
1769696038.6524,1769696038.6447,1769696038.6501,1769696038.6525,0.00,0.00,0.000000,0.000000,0.008727,0.000000,0.000000,0.000000,1.047196,0.000000,1.038469,Proximity_Dist0.009,0.04,0.257170,0.000000,0.000000,0.257170,0.000000
1769696040.4330,1769696040.4116,1769696040.4132,1769696040.4331,0.00,0.00,0.000000,0.000000,1.047196,0.000000,0.000000,0.000000,0.959931,0.000000,0.087265,Proximity_Dist0.000,0.04,0.000000,0.000000,0.000000,0.000000,0.000000
1769696040.7382,1769696040.6962,1769696040.6972,1769696040.7383,0.00,0.00,0.000000,0.000000,0.967784,0.000000,0.000000,0.000000,-0.087266,0.000000,1.055051,Proximity_Dist0.008,0.04,0.196599,0.000000,0.000000,0.196599,0.000000
1769696041.9923,1769696041.9733,1769696041.9768,1769696041.9924,0.00,0.00,0.000000,0.000000,-0.080630,0.000000,0.000000,0.000000,-0.383972,0.000000,0.303343,Proximity_Dist0.007,0.04,0.386743,0.000000,0.000000,0.386743,0.000000
1769696042.7531,1769696042.7479,1769696042.7482,1769696042.7546,0.00,0.00,0.000000,0.000000,-0.383972,0.000000,0.000000,0.000000,-0.209440,0.000000,0.174533,Proximity_Dist0.000,0.11,0.000000,0.000000,0.000000,0.000000,0.000000
1769696043.1931,1769696043.1773,1769696043.1808,1769696043.1933,0.00,0.00,0.000000,0.000000,-0.218328,0.000000,0.000000,0.000000,1.047196,0.000000,1.265524,Proximity_Dist0.009,0.05,0.302885,0.000000,0.000000,0.302885,0.000000
1769696044.5923,1769696044.5904,1769696044.5908,1769696044.5924,0.00,0.00,0.000000,0.000000,1.038360,0.000000,0.000000,0.000000,0.645772,0.000000,0.392588,Proximity_Dist0.009,0.05,0.195390,0.000000,0.000000,0.195390,0.000000
1769696045.3722,1769696045.3542,1769696045.3550,1769696045.3723,0.00,0.00,0.000000,0.000000,0.652501,0.000000,0.000000,0.000000,-0.069813,0.000000,0.722314,Proximity_Dist0.007,0.04,0.171577,0.000000,0.000000,0.171577,0.000000
1769696049.7120,1769696049.7112,1769696049.7118,1769696049.7121,0.00,0.00,0.000000,0.000000,-0.069813,0.000000,0.017453,0.000000,-0.069813,0.000000,0.017453,Proximity_Dist0.000,0.04,0.000000,0.000000,0.000000,0.000000,0.000000
1769696049.7974,1769696049.7709,1769696049.7731,1769696049.7988,0.00,0.00,0.008727,0.000000,-0.069813,0.000000,2.792525,0.000000,-0.069813,0.000000,2.783798,Proximity_Dist0.009,1.28,0.202856,0.202856,0.000000,0.000000,0.000000
1769696052.2571,1769696052.2306,1769696052.2327,1769696052.2576,0.00,0.00,2.784828,0.000000,-0.069813,0.000000,-2.792525,0.000000,-0.069813,0.000000,5.577353,Proximity_Dist0.008,0.48,0.260093,0.260093,0.000000,0.000000,0.000000
1769696058.5126,1769696058.4972,1769696058.4976,1769696058.5127,0.00,0.00,-2.792525,0.000000,-0.069813,0.000000,-2.722714,0.000000,-0.069813,0.000000,0.069811,Proximity_Dist0.000,0.04,0.000000,0.000000,0.000000,0.000000,0.000000
1769696058.7731,1769696058.7528,1769696058.7543,1769696058.7760,0.00,0.00,-2.730849,0.000000,-0.069813,0.000000,-1.186824,0.000000,-0.069813,0.000000,1.544025,Proximity_Dist0.008,0.07,0.000000,0.000000,0.000000,0.000000,0.000000
1769696060.3537,1769696060.3334,1769696060.3344,1769696060.3538,0.00,0.00,-1.194521,0.000000,-0.069813,0.000000,0.000000,0.000000,-0.069813,0.000000,1.194521,Proximity_Dist0.008,0.04,0.328687,0.328687,0.000000,0.000000,0.000000
1769696061.7121,1769696061.6916,1769696061.6921,1769696061.7122,0.00,0.00,-0.005655,0.000000,-0.069813,0.000000,0.017453,0.000000,-0.069813,0.000000,0.023108,Proximity_Dist0.006,0.04,0.287850,0.287850,0.000000,0.000000,0.000000
1769696063.2321,1769696063.2123,1769696063.2163,1769696063.2322,0.00,0.00,0.017453,0.000000,-0.069813,0.000000,0.000000,0.000000,-0.069813,0.000000,0.017453,Proximity_Dist0.000,0.04,0.000000,0.000000,0.000000,0.000000,0.000000
1769696065.4001,1769696065.3740,1769696065.3743,1769696065.4002,0.00,0.00,0.000000,0.000000,-0.069813,0.000000,0.226893,0.000000,-0.069813,0.000000,0.226893,Proximity_Dist0.000,0.04,0.000000,0.000000,0.000000,0.000000,0.000000
1769696065.9129,1769696065.8927,1769696065.8930,1769696065.9130,0.00,0.00,0.218977,0.000000,-0.069813,0.000000,2.076942,0.000000,-0.069813,0.000000,1.857965,Proximity_Dist0.008,0.05,0.182039,0.182039,0.000000,0.000000,0.000000
1769696068.7522,1769696068.7340,1769696068.7344,1769696068.7526,0.00,0.00,2.076942,0.000000,-0.069813,0.000000,2.094395,0.000000,-0.069813,0.000000,0.017453,Proximity_Dist0.000,0.11,0.000000,0.000000,0.000000,0.000000,0.000000
1769696068.8331,1769696068.8306,1769696068.8313,1769696068.8332,0.00,0.00,2.084466,0.000000,-0.069813,0.000000,2.303835,0.000000,-0.069813,0.000000,0.219368,Proximity_Dist0.010,0.05,0.186693,0.186693,0.000000,0.000000,0.000000
1769696069.4145,1769696069.4110,1769696069.4116,1769696069.4146,0.00,0.00,2.295943,0.000000,-0.069813,0.000000,2.426008,0.000000,-0.069813,0.000000,0.130064,Proximity_Dist0.008,0.05,0.184140,0.184140,0.000000,0.000000,0.000000
1769696069.9125,1769696069.9101,1769696069.9109,1769696069.9126,0.00,0.00,2.425847,0.000000,-0.069813,0.000000,2.530727,0.000000,-0.069813,0.000000,0.104880,Proximity_Dist0.000,0.06,0.045982,0.045982,0.000000,0.000000,0.000000
1769696070.2326,1769696070.2191,1769696070.2196,1769696070.2332,0.00,0.00,2.521637,0.000000,-0.069813,0.000000,2.565634,0.000000,-0.069813,0.000000,0.043997,Proximity_Dist0.009,0.04,0.380665,0.380665,0.000000,0.000000,0.000000
1769696070.5750,1769696070.5613,1769696070.5619,1769696070.5781,0.00,0.00,2.565634,0.000000,-0.069813,0.000000,2.617994,0.000000,-0.069813,0.000000,0.052360,Proximity_Dist0.000,0.08,0.000000,0.000000,0.000000,0.000000,0.000000
1769696070.7948,1769696070.7752,1769696070.7778,1769696070.7959,0.00,0.00,2.610915,0.000000,-0.069813,0.000000,2.792525,0.000000,-0.069813,0.000000,0.181610,Proximity_Dist0.007,1.09,0.287549,0.287549,0.000000,0.000000,0.000000
1769696089.2922,1769696089.2825,1769696089.2831,1769696089.2923,0.00,0.00,2.792525,0.000000,-0.069813,0.000000,2.740167,0.000000,-0.069813,0.000000,0.052358,Proximity_Dist0.000,0.05,0.000000,0.000000,0.000000,0.000000,0.000000
1769696089.5121,1769696089.4935,1769696089.4951,1769696089.5122,0.00,0.00,2.748377,0.000000,-0.069813,0.000000,1.256637,0.000000,-0.069813,0.000000,1.491740,Proximity_Dist0.008,0.04,0.140835,0.140835,0.000000,0.000000,0.000000
1769696091.0527,1769696091.0317,1769696091.0362,1769696091.0528,0.00,0.00,1.265473,0.000000,-0.069813,0.000000,-0.157080,0.000000,-0.069813,0.000000,1.422552,Proximity_Dist0.009,0.04,0.231930,0.231930,0.000000,0.000000,0.000000
1769696092.5523,1769696092.5300,1769696092.5304,1769696092.5524,0.00,0.00,-0.148244,0.000000,-0.069813,0.000000,0.104720,0.000000,-0.069813,0.000000,0.252964,Proximity_Dist0.009,0.04,0.345064,0.345064,0.000000,0.000000,0.000000
1769696095.6123,1769696095.6109,1769696095.6112,1769696095.6124,0.00,0.00,0.104720,0.000000,-0.069813,0.000000,0.017453,0.000000,-0.069813,0.000000,0.087266,Proximity_Dist0.000,0.05,0.000000,0.000000,0.000000,0.000000,0.000000
1769696095.9121,1769696095.9116,1769696095.9120,1769696095.9122,0.00,0.00,0.026468,0.000000,-0.069813,0.000000,-0.122173,0.000000,-0.069813,0.000000,0.148641,Proximity_Dist0.009,0.04,0.196780,0.196780,0.000000,0.000000,0.000000
1769696096.6326,1769696096.6141,1769696096.6147,1769696096.6350,0.00,0.00,-0.122173,0.000000,-0.069813,0.000000,-0.104720,0.000000,-0.069813,0.000000,0.017453,Proximity_Dist0.000,0.05,0.000000,0.000000,0.000000,0.000000,0.000000
1769696096.7921,1769696096.7708,1769696096.7722,1769696096.7922,0.00,0.00,-0.105120,0.000000,-0.069813,0.000000,-0.087266,0.000000,-0.069813,0.000000,0.017854,Proximity_Dist0.000,0.04,0.088634,0.088634,0.000000,0.000000,0.000000
1769696097.1385,1769696097.1131,1769696097.1164,1769696097.1386,0.00,0.00,-0.087266,0.000000,-0.069813,0.000000,-0.069813,0.000000,-0.069813,0.000000,0.017453,Proximity_Dist0.000,0.04,0.000000,0.000000,0.000000,0.000000,0.000000
1769696097.2921,1769696097.2752,1769696097.2772,1769696097.2922,0.00,0.00,-0.070214,0.000000,-0.069813,0.000000,-0.052360,0.000000,-0.069813,0.000000,0.017854,Proximity_Dist0.000,0.05,0.060015,0.060015,0.000000,0.000000,0.000000
1769696097.7120,1769696097.7115,1769696097.7118,1769696097.7121,0.00,0.00,-0.052360,0.000000,-0.069813,0.000000,-0.034907,0.000000,-0.069813,0.000000,0.017453,Proximity_Dist0.000,0.03,0.000000,0.000000,0.000000,0.000000,0.000000
1769696097.9520,1769696097.9501,1769696097.9507,1769696097.9521,0.00,0.00,-0.034907,0.000000,-0.069813,0.000000,-0.017453,0.000000,-0.069813,0.000000,0.017453,Proximity_Dist0.000,0.04,0.000000,0.000000,0.000000,0.000000,0.000000
1769696098.3721,1769696098.3700,1769696098.3703,1769696098.3722,0.00,0.00,-0.017453,0.000000,-0.069813,0.000000,0.000000,0.000000,-0.069813,0.000000,0.017453,Proximity_Dist0.000,0.04,0.000000,0.000000,0.000000,0.000000,0.000000
1769696119.4541,1769696119.4352,1769696119.4380,1769696119.4546,0.00,0.00,0.000000,0.000000,-0.069813,0.000000,2.792525,0.000000,0.000000,0.000000,2.792525,Proximity_Dist0.000,0.50,0.000000,0.000000,0.000000,0.000000,0.000000
1769696125.1730,1769696125.1489,1769696125.1545,1769696125.1735,0.00,0.00,2.792525,0.000000,0.000000,0.000000,-2.792525,0.000000,0.000000,0.000000,5.585050,Proximity_Dist0.000,0.43,0.000000,0.000000,0.000000,0.000000,0.000000
1769696133.2721,1769696133.2684,1769696133.2688,1769696133.2722,0.00,0.00,-2.792525,0.000000,0.000000,0.000000,0.506145,0.000000,0.000000,0.000000,3.298671,Proximity_Dist0.000,0.05,0.000000,0.000000,0.000000,0.000000,0.000000
1769696138.7930,1769696138.7702,1769696138.7733,1769696138.7931,0.00,0.00,0.506145,0.000000,0.000000,0.000000,-0.069813,0.000000,0.000000,0.000000,0.575959,Proximity_Dist0.000,0.05,0.000000,0.000000,0.000000,0.000000,0.000000
1769696142.7321,1769696142.7105,1769696142.7153,1769696142.7322,0.00,0.00,-0.069813,0.000000,0.000000,0.000000,-0.069813,1.047198,0.000002,0.000000,1.047198,Proximity_Dist0.000,0.05,0.000000,0.000000,0.000000,0.000000,0.000000
1769696146.8920,1769696146.8725,1769696146.8737,1769696146.8921,0.00,0.00,-0.069813,1.047198,0.000000,0.000000,-0.069813,0.157080,0.000000,0.000000,0.890118,Proximity_Dist0.000,0.04,0.000000,0.000000,0.000000,0.000000,0.000000
1769696156.8921,1769696156.8845,1769696156.8849,1769696156.8922,0.00,0.00,-0.069813,0.157080,0.000000,0.000000,0.000000,0.000000,0.000000,0.000000,0.157080,Proximity_Dist0.000,0.05,0.000000,0.000000,0.000000,0.000000,0.000000
1769696159.5340,1769696159.5292,1769696159.5305,1769696159.5346,0.00,0.00,-0.000000,-0.000000,0.000000,0.000000,-0.142165,-0.436331,0.000000,0.000000,0.436331,Proximity_Dist0.000,0.49,0.000000,0.000000,0.000000,0.000000,0.000000
1769696160.2725,1769696160.2471,1769696160.2477,1769696160.2726,0.00,0.00,-0.142166,-0.429598,0.000000,0.000000,-0.050773,-0.080920,0.000000,0.000000,0.348678,Proximity_Dist0.007,0.04,0.184561,0.000000,0.184561,0.000000,0.000000
1769696160.9920,1769696160.9879,1769696160.9886,1769696160.9921,0.00,0.00,-0.050773,-0.088679,0.000000,0.000000,1.350568,0.113288,0.000000,0.000000,1.401341,Proximity_Dist0.008,0.04,0.384263,0.000000,0.384263,0.000000,0.000000
1769696162.4921,1769696162.4865,1769696162.4868,1769696162.4923,0.00,0.00,1.341731,0.113288,0.000000,0.000000,0.710825,0.641964,0.000000,0.000000,0.630906,Proximity_Dist0.009,0.05,0.203666,0.203666,0.000000,0.000000,0.000000
1769696163.4720,1769696163.4702,1769696163.4710,1769696163.4721,0.00,0.00,0.718566,0.641964,0.000000,0.000000,-0.924073,0.793014,0.000000,0.000000,1.642638,Proximity_Dist0.008,0.04,0.204837,0.204837,0.002193,0.000000,0.000000
1769696165.1521,1769696165.1449,1769696165.1472,1769696165.1522,0.00,0.00,-0.918418,0.793015,0.000000,0.000000,0.355413,0.825382,0.000000,0.000000,1.273831,Proximity_Dist0.006,0.04,0.284047,0.284047,0.000000,0.000000,0.000000
1769696166.5730,1769696166.5645,1769696166.5682,1769696166.5731,0.00,0.00,0.349757,0.825382,0.000000,0.000000,-0.060928,-0.021579,0.000000,0.000000,0.846961,Proximity_Dist0.006,0.04,0.272929,0.272929,0.000000,0.000000,0.000000
1769696167.8343,1769696167.8265,1769696167.8299,1769696167.8344,0.00,0.00,-0.060928,-0.021579,0.000000,0.000000,-0.050773,-0.021579,0.000000,0.000000,0.010154,Proximity_Dist0.000,0.05,0.000000,0.000000,0.000000,0.000000,0.000000
1769696167.8722,1769696167.8654,1769696167.8658,1769696167.8724,0.00,0.00,-0.060256,-0.021579,0.000000,0.000000,-0.010155,-0.026973,0.000000,0.000000,0.050102,Proximity_Dist0.009,0.04,0.038952,0.038952,0.000000,0.000000,0.000000
1769696168.1521,1769696168.1464,1769696168.1481,1769696168.1522,0.00,0.00,-0.019596,-0.026974,0.000000,0.000000,0.406186,-0.377626,0.000000,0.000000,0.425781,Proximity_Dist0.009,0.05,0.287158,0.287158,0.000000,0.000000,0.000000
1769696168.9531,1769696168.9472,1769696168.9483,1769696168.9540,0.00,0.00,0.399399,-0.377586,0.000000,0.000000,0.396031,-0.436331,0.000000,0.000000,0.058744,Proximity_Dist0.007,0.51,0.166574,0.166574,0.028786,0.000000,0.000000
1769696169.2527,1769696169.2455,1769696169.2465,1769696169.2540,0.00,0.00,0.396031,-0.430533,0.000000,0.000000,0.060928,-0.436331,0.000000,0.000000,0.335103,Proximity_Dist0.006,1.17,0.298101,0.000000,0.298101,0.000000,0.000000
1769696169.9521,1769696169.9303,1769696169.9316,1769696169.9527,0.00,0.00,0.069851,-0.436331,0.000000,0.000000,-0.497578,-0.436331,0.000000,0.000000,0.567428,Proximity_Dist0.009,0.50,0.315841,0.315841,0.000000,0.000000,0.000000
1769696170.8721,1769696170.8664,1769696170.8674,1769696170.8730,0.00,0.00,-0.490889,-0.436331,0.000000,0.000000,-1.035774,-0.436331,0.000000,0.000000,0.544884,Proximity_Dist0.007,0.86,0.249434,0.249434,0.000000,0.000000,0.000000
1769696171.7731,1769696171.7673,1769696171.7682,1769696171.7732,0.00,0.00,-1.029011,-0.436331,0.000000,0.000000,-1.868454,0.528676,0.000000,0.000000,0.965007,Proximity_Dist0.007,0.05,0.172055,0.172055,0.000000,0.000000,0.000000
1769696172.9732,1769696172.9688,1769696172.9691,1769696172.9734,0.00,0.00,-1.868454,0.522039,0.000000,0.000000,-1.299794,0.949459,0.000000,0.000000,0.568659,Proximity_Dist0.007,0.05,0.163248,0.000000,0.163248,0.000000,0.000000
1769696173.8931,1769696173.8876,1769696173.8883,1769696173.8932,0.00,0.00,-1.308648,0.949459,0.000000,0.000000,-0.680361,0.366836,0.000000,0.000000,0.628287,Proximity_Dist0.009,0.05,0.255100,0.255100,0.000000,0.000000,0.000000
1769696174.8546,1769696174.8462,1769696174.8468,1769696174.8547,0.00,0.00,-0.688200,0.370776,0.000000,0.000000,0.050773,-0.070131,0.000000,0.000000,0.738973,Proximity_Dist0.008,0.04,0.294061,0.294061,0.219394,0.000000,0.000000
1769696175.8939,1769696175.8867,1769696175.8873,1769696175.8941,0.00,0.00,0.041848,-0.070131,0.000000,0.000000,0.802217,0.264338,0.000000,0.000000,0.760368,Proximity_Dist0.009,0.06,0.180877,0.180877,0.000000,0.000000,0.000000
1769696176.9521,1769696176.9492,1769696176.9499,1769696176.9522,0.00,0.00,0.796466,0.264339,0.000000,0.000000,1.096701,0.167234,0.000000,0.000000,0.300236,Proximity_Dist0.006,0.04,0.305973,0.305973,0.000000,0.000000,0.000000
1769696177.6134,1769696177.6046,1769696177.6053,1769696177.6136,0.00,0.00,1.090015,0.167234,0.000000,0.000000,1.787217,-0.221181,0.000000,0.000000,0.697203,Proximity_Dist0.007,0.06,0.306553,0.306553,0.000000,0.000000,0.000000
1769696178.6141,1769696178.6068,1769696178.6093,1769696178.6142,0.00,0.00,1.778235,-0.221180,0.000000,0.000000,2.041083,0.571833,0.000000,0.000000,0.793014,Proximity_Dist0.009,0.05,0.178799,0.178799,0.000000,0.000000,0.000000
1769696179.7521,1769696179.7455,1769696179.7486,1769696179.7522,0.00,0.00,2.041084,0.562804,0.000000,0.000000,1.076392,0.361442,0.000000,0.000000,0.964692,Proximity_Dist0.009,0.05,0.088276,0.000000,0.088276,0.000000,0.000000
1769696180.9127,1769696180.9060,1769696180.9064,1769696180.9128,0.00,0.00,1.084089,0.361442,0.000000,0.000000,0.243711,0.016184,0.000000,0.000000,0.840377,Proximity_Dist0.008,0.05,0.193197,0.193197,0.000000,0.000000,0.000000
1769696182.0132,1769696182.0043,1769696182.0047,1769696182.0133,0.00,0.00,0.252547,0.016184,0.000000,0.000000,-0.020309,-0.053947,0.000000,0.000000,0.272856,Proximity_Dist0.009,0.05,0.327347,0.327347,0.000000,0.000000,0.000000
1769696182.9734,1769696182.9701,1769696182.9705,1769696182.9736,0.00,0.00,-0.020309,-0.053946,0.000000,0.000000,0.010155,-0.043157,0.000000,0.000000,0.030463,Proximity_Dist0.000,0.05,0.000000,0.000000,0.000000,0.000000,0.000000
1769696183.1351,1769696183.1265,1769696183.1274,1769696183.1352,0.00,0.00,0.004079,-0.043157,0.000000,0.000000,0.071083,-0.010789,0.000000,0.000000,0.067004,Proximity_Dist0.006,0.05,0.205645,0.205645,0.000000,0.000000,0.000000
1769696183.4321,1769696183.4311,1769696183.4319,1769696183.4321,0.00,0.00,0.061680,-0.010830,0.000000,0.000000,0.020309,-0.005395,0.000000,0.000000,0.041370,Proximity_Dist0.009,0.04,0.229890,0.229890,0.033724,0.000000,0.000000
1769696183.9322,1769696183.9124,1769696183.9143,1769696183.9323,0.00,0.00,0.020309,-0.005395,0.000000,0.000000,0.020309,0.000000,0.000000,0.000000,0.005395,Proximity_Dist0.000,0.04,0.000000,0.000000,0.000000,0.000000,0.000000
1769696183.9520,1769696183.9474,1769696183.9479,1769696183.9578,0.00,0.00,0.020309,-0.005353,0.000000,0.000000,0.020309,0.005395,0.000000,0.000000,0.010747,Proximity_Dist0.005,0.11,0.000000,0.000000,0.000000,0.000000,0.000000
1769696184.2140,1769696184.2095,1769696184.2103,1769696184.2142,0.00,0.00,0.020309,0.005395,0.000000,0.000000,0.010155,0.005395,0.000000,0.000000,0.010154,Proximity_Dist0.000,0.05,0.000000,0.000000,0.000000,0.000000,0.000000
1769696184.5521,1769696184.5472,1769696184.5475,1769696184.5522,0.00,0.00,0.010154,0.005395,0.000000,0.000000,0.000000,0.005395,0.000000,0.000000,0.010154,Proximity_Dist0.000,0.05,0.000000,0.000000,0.000000,0.000000,0.000000
1769696184.5935,1769696184.5878,1769696184.5882,1769696184.5938,0.00,0.00,0.008644,0.005395,0.000000,0.000000,-0.030464,0.010789,0.000000,0.000000,0.039108,Proximity_Dist0.009,0.06,0.071698,0.071698,0.000000,0.000000,0.000000
1769696184.8532,1769696184.8287,1769696184.8293,1769696184.8533,0.00,0.00,-0.024389,0.010790,0.000000,0.000000,-0.426495,0.199602,0.000000,0.000000,0.402106,Proximity_Dist0.006,0.07,0.246887,0.246887,0.000000,0.000000,0.000000
1769696185.6123,1769696185.6068,1769696185.6075,1769696185.6124,0.00,0.00,-0.417657,0.199603,0.000000,0.000000,-1.340413,0.798409,0.000000,0.000000,0.922755,Proximity_Dist0.009,0.06,0.338079,0.338079,0.000000,0.000000,0.000000
1769696186.7930,1769696186.7906,1769696186.7911,1769696186.7931,0.00,0.00,-1.331577,0.798410,0.000000,0.000000,-0.040619,0.183418,0.000000,0.000000,1.290959,Proximity_Dist0.009,0.04,0.186011,0.186011,0.000000,0.000000,0.000000
1769696188.2323,1769696188.2066,1769696188.2071,1769696188.2325,0.00,0.00,-0.047256,0.183418,0.000000,0.000000,-0.050773,0.037763,0.000000,0.000000,0.145656,Proximity_Dist0.007,0.11,0.234607,0.234607,0.000000,0.000000,0.000000
1769696188.7121,1769696188.6873,1769696188.6876,1769696188.7140,0.00,0.00,-0.050773,0.043434,0.000000,0.000000,-0.030464,-0.016184,0.000000,0.000000,0.059618,Proximity_Dist0.006,1.91,0.318445,0.000000,0.318445,0.000000,0.000000
1769696188.9930,1769696188.9864,1769696188.9870,1769696188.9932,0.00,0.00,-0.030465,-0.007207,0.000000,0.000000,-0.030464,-0.021579,0.000000,0.000000,0.014372,Proximity_Dist0.009,0.05,0.272103,0.000000,0.272103,0.000000,0.000000
1769696189.8322,1769696189.8254,1769696189.8282,1769696189.8324,0.00,0.00,-0.030465,-0.021579,0.000000,0.000000,-0.030464,-0.026973,0.000000,0.000000,0.005394,Proximity_Dist0.000,0.12,0.000000,0.000000,0.000000,0.000000,0.000000
1769696189.8521,1769696189.8482,1769696189.8503,1769696189.8522,0.00,0.00,-0.030465,-0.021748,0.000000,0.000000,-0.233557,-0.156445,0.000000,0.000000,0.203092,Proximity_Dist0.005,0.04,0.008449,0.000000,0.008449,0.000000,0.000000
1769696190.4127,1769696190.4081,1769696190.4091,1769696190.4149,0.00,0.00,-0.224417,-0.156444,0.000000,0.000000,-2.782372,-0.436331,0.000000,0.000000,2.557955,Proximity_Dist0.009,2.07,0.218429,0.218429,0.000000,0.000000,0.000000
